{
    "executionRoleArn": "arn:aws:iam::785148479268:role/jenkins-node",
    "containerDefinitions": [
        {
            "logConfiguration": {
                "logDriver": "awslogs",
                "options": {
                    "awslogs-group": "/ecs/baseimagesbuild",
                    "awslogs-region": "ap-southeast-2",
                    "awslogs-stream-prefix": "ecs"
                }
            },
            "command": [
                "/bin/bash",
                "-c",
                "git clone http://bitbucket-au:7990/scm/docker/docker.git -b ###BASEIMAGESBRANCH### && cd docker/docker-images && ../jenkins/svrollupg/dockerimagebuild.sh"
            ],
            "image": "###CTHOST###",
            "hostname": "svdev",
            "name": "baseimagebuild",
            "privileged": true,
            "systemControls": [
                {
                    "namespace": "net.ipv4.ip_local_port_range",
                    "value": "9000 47000"
                },
                {
                    "namespace": "kernel.msgmnb",
                    "value": "262144"
                },
                {
                    "namespace": "kernel.msgmax",
                    "value": "131072"
                }
            ],
            "mountPoints": [
                {
                    "sourceVolume": "efs",
                    "containerPath": "/efsgeneral"
                },
                {
                    "sourceVolume": "dockersock",
                    "containerPath": "/var/run/docker.sock"
                }
            ],
            "environment": [
                {
                    "name": "START_DB",
                    "value": ""
                }
            ],
            "memoryReservation": 4000,
            "cpu": 2000
        }
    ],
    "taskRoleArn": "arn:aws:iam::785148479268:role/jenkins-node",
    "family": "###FAMILY###",
    "requiresCompatibilities": [
        "EC2"
    ],
    "volumes": [
        {
            "host": {
                "sourcePath": "/efs"
            },
            "name": "efs"
        },
        {
            "name": "dockersock",
            "host": {
                "sourcePath": "/var/run/docker.sock"
            }
        }
    ]
}

