{
    "Defaults":
    {
        "hostname": "baseimagebuild",
        "retries": 1,
        "maxtime": 30,
        "Env": [
            {
                "name": "USER",
                "value": "sv_app"
            },
            {
                "name": "TZ",
                "value": "Australia/Brisbane"
            }
        ]
    },
    "Build":
    [
        {
            "name": "svrollupgbase-11",
            "maxtime": 60,
            "expectedDuration": 15,
            "ExtraEnvVars":
            [
                {
                    "name": "BUILDDIR",
                    "value": "svrollupgbase11"
                },
                {
                    "name": "DOCKERFILE",
                    "value": "Dockerfile"
                },
                {
                    "name": "APPIMAGEREPOTAG",
                    "value": "csg/ct/sv_upgrade:latest-svmms-base-rollupg-app-main"
                },
                {
                    "name": "DBIMAGEREPOTAG",
                    "value": "csg/ct/sv_upgrade:latest-svmms-base-rollupg-db-main"
                }
            ]
        },
        {
            "name": "svrollupgbase-12",
            "maxtime": 60,
            "expectedDuration": 15,
            "ExtraEnvVars":
            [
                {
                    "name": "BUILDDIR",
                    "value": "svrollupgbase12"
                },
                {
                    "name": "DOCKERFILE",
                    "value": "Dockerfile"
                },
                {
                    "name": "APPIMAGEREPOTAG",
                    "value": "csg/ct/sv_upgrade:latest-svmms-base-rollupg-app-main"
                },
                {
                    "name": "DBIMAGEREPOTAG",
                    "value": "csg/ct/sv_upgrade:latest-svmms-base-rollupg-db-main"
                }
            ]
        }
    ]
}

