Entity Name,Action,Specific Lookup,Input Access Path,Input Access Key,Eligibility Qualifier,Eligibility Qualifier Value,Eligibility Qualifier Path,,,,,,,,,,,,,Output Access Path,Output Access Key,Include Condition,Reference Type Name,Output Value Data Type Casting,Special Type Handling,Reference Data Type,Reference Data Entity Name,,,,,,,,,,,,,Description
Party,RestPost,,,gender,,,,,,,,,,,,,,,,,GENDER_CODE,Value Defined,Gender,,,,,,,,,,,,,,,,,
Party,RestPost,,,nationality,,,,,,,,,,,,,,,,,NATIONALITY_CODE,Value Defined,Nationality,,,,,,,,,,,,,,,,,
Party,RestPost,,,maritalStatus,,,,,,,,,,,,,,,,,MARITAL_STATUS_CODE,Value Defined,MARITAL_STATUS,,,,,,,,,,,,,,,,,
Party,RestPost,,{'disability'},DISABILITY_A,,,,,,,,,,,,,,,,,,,,,Rest Object Array Containers,,,,,,,,,,,,,,,
Party,RestPost,DISABILITY_O,,disabilityName,,,,,,,,,,,,,,,,,DISABILITY_TYPE_CODE,Value Defined,DISABILITY_TYPE,,,,,,,,,,,,,,,,,
Party,RestPost,,,birthDate,,,,,,,,,,,,,,,,,BIRTH_DATE,Value Defined,,,,,,,,,,,,,,,,,,
Party,RestPost,,{'partyCharacteristic'},PARTY_CHARACTERISTIC,,,,,,,,,,,,,,,,,,,,,Rest Object Array Containers,,,,,,,,,,,,,,,
Party,RestPost,PARTY_CHARACTERISTIC,,RESIDENCY_STATUS,name,ResidencyStatus,,,,,,,,,,,,,,,,,,,Rest Object Containers,,,,,,,,,,,,,,,
Party,RestPost,RESIDENCY_STATUS,,value,valueType,string,,,,,,,,,,,,,,,RESIDENCY_STATUS_CODE,Value Defined,Residency Status,,,,,,,,,,,,,,,,,
Party,RestPost,,,title,,,,,,,,,,,,,,,,,TITLE,Value Defined,,,,,,,,,,,,,,,,,,
Party,RestPost,,,givenName,,,,,,,,,,,,,,,,,GIVEN_NAMES,Value Defined,,,,,,,,,,,,,,,,,,
Party,RestPost,,,familyName,,,,,,,,,,,,,,,,,FAMILY_NAME,Value Defined,,,,,,,,,,,,,,,,,,
Party,RestPost,,{'individualIdentification'},INDIVIDUAL_IDENTIFIACATION,,,,,,,,,,,,,,,,,,,,,Rest Object Array Containers,,,,,,,,,,,,,,,
Party,RestPost,INDIVIDUAL_IDENTIFIACATION,,SOCIAL_SECURITY,identificationType,SocialSecurityNumber,,,,,,,,,,,,,,,,,,,Rest Object Containers,,,,,,,,,,,,,,,
Party,RestPost,SOCIAL_SECURITY,,identificationId,,,,,,,,,,,,,,,,,SOCIAL_SECURITY_NUMBER,Value Defined,,,,,,,,,,,,,,,,,,
Party,RestPost,INDIVIDUAL_IDENTIFIACATION,,PASSPORT,identificationType,Passport,,,,,,,,,,,,,,,,,,,Rest Object Containers,,,,,,,,,,,,,,,
Party,RestPost,PASSPORT,,identificationId,,,,,,,,,,,,,,,,,PASSPORT,Value Defined,,,,,,,,,,,,,,,,,,
Party,RestPost,INDIVIDUAL_IDENTIFIACATION,,DRIVERS_LICENCE,identificationType,DriversLicence,,,,,,,,,,,,,,,,,,,Rest Object Containers,,,,,,,,,,,,,,,
Party,RestPost,DRIVERS_LICENCE,,identificationId,,,,,,,,,,,,,,,,,DRIVERS_LICENCE,Value Defined,,,,,,,,,,,,,,,,,,
Party,RestPost,,{'relatedParty'},RELATED_PARTY_A,,,,,,,,,,,,,,,,,,,,,Rest Object Array Containers,,,,,,,,,,,,,,,
Party,RestPost,RELATED_PARTY_A,,RELATED_PARTY_O,,,,,,,,,,,,,,,,,,,,,Rest Object Containers,,,,,,,,,,,,,,,
Party,RestPost,RELATED_PARTY_O,,id,,,,,,,,,,,,,,,,,PERSON_TYPE_DISPLAY_NAME,Value Defined,api.imp.PERSON_TYPE,denormalised reference,,,,,,,,,,,,,,,,
Party,RestPost,,{'contactMedium'},CONTACT_MEDIUM,,,,,,,,,,,,,,,,,,,,,Rest Object Array Containers,,,,,,,,,,,,,,,
Party,RestPost,CONTACT_MEDIUM,,POSTAL_ADDRESS,mediumType,PostalAddress,,,,,,,,,,,,,,,,,,,Rest Object Containers,,,,,,,,,,,,,,,
Party,RestPost,POSTAL_ADDRESS,{'characteristic'},street1,,,,,,,,,,,,,,,,,POSTAL_LINE_1,Value Defined,,,,,,,,,,,,,,,,,,
Party,RestPost,POSTAL_ADDRESS,{'characteristic'},street2,,,,,,,,,,,,,,,,,POSTAL_LINE_2,Value Defined,,,,,,,,,,,,,,,,,,
Party,RestPost,POSTAL_ADDRESS,{'characteristic'},city,,,,,,,,,,,,,,,,,POSTAL_CITY,Value Defined,,,,,,,,,,,,,,,,,,
Party,RestPost,POSTAL_ADDRESS,{'characteristic'},stateOrProvince,,,,,,,,,,,,,,,,,POSTAL_STATE,Value Defined,,,,,,,,,,,,,,,,,,
Party,RestPost,POSTAL_ADDRESS,{'characteristic'},country,,,,,,,,,,,,,,,,,POSTAL_COUNTRY,Value Defined,,,,,,,,,,,,,,,,,,
Party,RestPost,CONTACT_MEDIUM,,HOME_ADDRESS,mediumType,HomeAddress,,,,,,,,,,,,,,,,,,,Rest Object Containers,,,,,,,,,,,,,,,
Party,RestPost,HOME_ADDRESS,{'characteristic'},street1,,,,,,,,,,,,,,,,,HOME_LINE_1,Value Defined,,,,,,,,,,,,,,,,,,
Party,RestPost,HOME_ADDRESS,{'characteristic'},street2,,,,,,,,,,,,,,,,,HOME_LINE_2,Value Defined,,,,,,,,,,,,,,,,,,
Party,RestPost,HOME_ADDRESS,{'characteristic'},city,,,,,,,,,,,,,,,,,HOME_CITY,Value Defined,,,,,,,,,,,,,,,,,,
Party,RestPost,HOME_ADDRESS,{'characteristic'},stateOrProvince,,,,,,,,,,,,,,,,,HOME_STATE,Value Defined,,,,,,,,,,,,,,,,,,
Party,RestPost,HOME_ADDRESS,{'characteristic'},country,,,,,,,,,,,,,,,,,HOME_COUNTRY,Value Defined,,,,,,,,,,,,,,,,,,
Party,RestPost,HOME_ADDRESS,{'characteristic'},postCode,,,,,,,,,,,,,,,,,HOME_POST_CODE,Value Defined,,,,,,,,,,,,,,,,,,
Party,RestPost,POSTAL_ADDRESS,{'characteristic'},postCode,,,,,,,,,,,,,,,,,POSTAL_POST_CODE,Value Defined,,,,,,,,,,,,,,,,,,
Party,RestPost,WORK_ADDRESS,{'characteristic'},street1,,,,,,,,,,,,,,,,,WORK_LINE_1,Value Defined,,,,,,,,,,,,,,,,,,
Party,RestPost,WORK_ADDRESS,{'characteristic'},street2,,,,,,,,,,,,,,,,,WORK_LINE_2,Value Defined,,,,,,,,,,,,,,,,,,
Party,RestPost,WORK_ADDRESS,{'characteristic'},city,,,,,,,,,,,,,,,,,WORK_CITY,Value Defined,,,,,,,,,,,,,,,,,,
Party,RestPost,WORK_ADDRESS,{'characteristic'},stateOrProvince,,,,,,,,,,,,,,,,,WORK_STATE,Value Defined,,,,,,,,,,,,,,,,,,
Party,RestPost,WORK_ADDRESS,{'characteristic'},country,,,,,,,,,,,,,,,,,WORK_COUNTRY,Value Defined,,,,,,,,,,,,,,,,,,
Party,RestPost,WORK_ADDRESS,{'characteristic'},postCode,,,,,,,,,,,,,,,,,WORK_POST_CODE,Value Defined,,,,,,,,,,,,,,,,,,
Party,RestPost,CONTACT_MEDIUM,,HOME_NUMBER,mediumType,HomeNumber,,,,,,,,,,,,,,,,,,,Rest Object Containers,,,,,,,,,,,,,,,
Party,RestPost,FAX_NUMBER,{'characteristic'},faxNumber,,,,,,,,,,,,,,,,,FAX_PHONE_NR,Value Defined,,,,,,,,,,,,,,,,,,
Party,RestPost,HOME_NUMBER,{'characteristic'},phoneNumber,,,,,,,,,,,,,,,,,HOME_PHONE_NR,Value Defined,,,,,,,,,,,,,,,,,,
Party,RestPost,MOBILE_NUMBER,{'characteristic'},phoneNumber,,,,,,,,,,,,,,,,,MOBILE_PHONE_NR,Value Defined,,,,,,,,,,,,,,,,,,
Party,RestPost,WORK_NUMBER,{'characteristic'},phoneNumber,,,,,,,,,,,,,,,,,WORK_PHONE_NR,Value Defined,,,,,,,,,,,,,,,,,,
Party,RestPost,CONTACT_MEDIUM,,EMAIL_ADDRESS,mediumType,EmailAddress,,,,,,,,,,,,,,,,,,,Rest Object Containers,,,,,,,,,,,,,,,
Party,RestPost,EMAIL_ADDRESS,{'characteristic'},emailAddress,,,,,,,,,,,,,,,,,EMAIL_ADDRESS,Value Defined,,,,,,,,,,,,,,,,,,
Party,RestPost,,,id,,,,,,,,,,,,,,,,,PRIMARY_IDENTIFIER,Value Defined,,,,,,,,,,,,,,,,,,
Party,RestPost,CONTACT_MEDIUM,,WORK_ADDRESS,mediumType,WorkAddress,,,,,,,,,,,,,,,,,,,Rest Object Containers,,,,,,,,,,,,,,,
Party,RestPost,,,legalName,,,,,,,,,,,,,,,,,OFFICIAL_NAME,Value Defined,,,,,,,,,,,,,,,,,,
Party,RestPost,,,preferredGivenName,,,,,,,,,,,,,,,,,PREFERRED_NAME,Value Defined,,,,,,,,,,,,,,,,,,
Party,RestPost,,,status,,,,,,,,,,,,,,,,,PERSON_STATUS_CODE,Value Defined,Person Status,,,,,,,,,,,,,,,,,
Party,RestPost,INDIVIDUAL_IDENTIFIACATION,,INDIVIDUAL,identificationType,Individual,,,,,,,,,,,,,,,,,,,Rest Object Containers,,,,,,,,,,,,,,,
Party,RestPost,INDIVIDUAL,,identificationId,,,,,,,,,,,,,,,,,PASSWORD,Value Defined,,,,,,,,,,,,,,,,,,
Party,RestPost,CONTACT_MEDIUM,,WORK_NUMBER,mediumType,WorkNumber,,,,,,,,,,,,,,,,,,,Rest Object Containers,,,,,,,,,,,,,,,
Party,RestPost,CONTACT_MEDIUM,,MOBILE_NUMBER,mediumType,MobileNumber,,,,,,,,,,,,,,,,,,,Rest Object Containers,,,,,,,,,,,,,,,
Party,RestPost,CONTACT_MEDIUM,,FAX_NUMBER,mediumType,FaxNumber,,,,,,,,,,,,,,,,,,,Rest Object Containers,,,,,,,,,,,,,,,
Party,RestPost,DISABILITY_A,,DISABILITY_O,,,,,,,,,,,,,,,,,,,,,Rest Object Containers,,,,,,,,,,,,,,,
Party,RestPost,,{'effectiveDate'},effectiveStartDate,,,,,,,,,,,,,,,,,EFFECTIVE_START_DATE,Value Defined,,,,,,,,,,,,,,,,,,
Party,RestPost,,{'languageAbility'},LANGUAGE_ABILITY_A,,,,,,,,,,,,,,,,,,,,,Rest Object Array Containers,,,,,,,,,,,,,,,
Party,RestPost,LANGUAGE_ABILITY_A,,LANGUAGE_ABILITY_O,,,,,,,,,,,,,,,,,,,,,Rest Object Containers,,,,,,,,,,,,,,,
Party,RestPost,LANGUAGE_ABILITY_O,,speakingProficiency,,,,,,,,,,,,,,,,,SPOKEN_LANGUAGE_CODE,Value Defined,Spoken Language,,,,,,,,,,,,,,,,,
Party,RestPost,LANGUAGE_ABILITY_O,,writingProficiency,,,,,,,,,,,,,,,,,WRITTEN_LANGUAGE_CODE,Value Defined,Written Language,,,,,,,,,,,,,,,,,
Party,RestPost,,{'skill'},SKILL_A,,,,,,,,,,,,,,,,,,,,,Rest Object Array Containers,,,,,,,,,,,,,,,
Party,RestPost,SKILL_A,,SKILL_O,,,,,,,,,,,,,,,,,,,,,Rest Object Containers,,,,,,,,,,,,,,,
Party,RestPost,SKILL_O,,skillName,,,,,,,,,,,,,,,,,PROFESSION_CODE,Value Defined,Profession,,,,,,,,,,,,,,,,,
Party,RestPostResponse,,,PRIMARY_IDENTIFIER,,,,,,,,,,,,,,,,,id,Value Defined,,,,,,,,,,,,,,,,,,
Party,RestPostResponse,,,GENDER,,,,,,,,,,,,,,,,,gender,Value Defined,,,,,,,,,,,,,,,,,,
Party,RestPostResponse,,,NATIONALITY,,,,,,,,,,,,,,,,,nationality,Value Defined,,,,,,,,,,,,,,,,,,
Party,RestPostResponse,,,MARITAL_STATUS,,,,,,,,,,,,,,,,,maritalStatus,Value Defined,,,,,,,,,,,,,,,,,,
Party,RestPostResponse,,,TITLE,,,,,,,,,,,,,,,,,title,Value Defined,,,,,,,,,,,,,,,,,,
Party,RestPostResponse,,,GIVEN_NAMES,,,,,,,,,,,,,,,,,givenName,Value Defined,,,,,,,,,,,,,,,,,,
Party,RestPostResponse,,,FAMILY_NAME,,,,,,,,,,,,,,,,,familyName,Value Defined,,,,,,,,,,,,,,,,,,
Party,RestPostResponse,,,LEGAL_NAME,,,,,,,,,,,,,,,,,legalName,Value Defined,,,,,,,,,,,,,,,,,,
Party,RestPostResponse,,{'individualIdentification'},INDIVIDUAL_IDENTIFICATION,,,,,,,,,,,,,,,,{'individualIdentification'},,,,,Rest Object Array Containers,,,,,,,,,,,,,,,
Party,RestPostResponse,INDIVIDUAL_IDENTIFICATION,,PASSPORT,identificationType,Passport,,,,,,,,,,,,,,,,,,,Rest Object Containers,,,,,,,,,,,,,,,
Party,RestPostResponse,PASSPORT,,PASSPORT,,,,,,,,,,,,,,,,,identificationId,Value Defined,,,,,,,,,,,,,,,,,,
Party,RestPostResponse,PASSPORT,,identificationType,,,,,,,,,,,,,,,,,identificationType,Value Defined,,,,,,,,,,,,,,,,,,
Party,RestPostResponse,,,BIRTH_DATE,,,,,,,,,,,,,,,,,birthDate,Value Defined,,,,,,,,,,,,,,,,,,
Party,RestPostResponse,,{'disability'},DISABILITY_A,,,,,,,,,,,,,,,,{'disability'},,,,,Rest Object Array Containers,,,,,,,,,,,,,,,
Party,RestPostResponse,DISABILITY_O,,disabilityName,,,,,,,,,,,,,,,,,disabilityName,Value Defined,,,,,,,,,,,,,,,,,,
Party,RestPostResponse,,{'partyCharacteristic'},PARTY_CHARACTERISTIC,,,,,,,,,,,,,,,,{'partyCharacteristic'},,,,,Rest Object Array Containers,,,,,,,,,,,,,,,
Party,RestPostResponse,PARTY_CHARACTERISTIC,,RESIDENCY_STATUS,name,ResidencyStatus,,,,,,,,,,,,,,,,,,,Rest Object Containers,,,,,,,,,,,,,,,
Party,RestPostResponse,RESIDENCY_STATUS,,value,,,,,,,,,,,,,,,,,value,Value Defined,,,,,,,,,,,,,,,,,,
Party,RestPostResponse,RESIDENCY_STATUS,,name,,,,,,,,,,,,,,,,,name,Value Defined,,,,,,,,,,,,,,,,,,
Party,RestPostResponse,INDIVIDUAL_IDENTIFICATION,,SOCIAL_SECURITY,identificationType,SocialSecurityNumber,,,,,,,,,,,,,,,,,,,Rest Object Containers,,,,,,,,,,,,,,,
Party,RestPostResponse,SOCIAL_SECURITY,,SOCIAL_SECURITY_NUMBER,,,,,,,,,,,,,,,,,identificationId,Value Defined,,,,,,,,,,,,,,,,,,
Party,RestPostResponse,INDIVIDUAL_IDENTIFICATION,,DRIVERS_LICENCE,identificationType,DriversLicence,,,,,,,,,,,,,,,,,,,Rest Object Containers,,,,,,,,,,,,,,,
Party,RestPostResponse,DRIVERS_LICENCE,,DRIVERS_LICENCE,,,,,,,,,,,,,,,,,identificationId,Value Defined,,,,,,,,,,,,,,,,,,
Party,RestPostResponse,DRIVERS_LICENCE,,identificationType,,,,,,,,,,,,,,,,,identificationType,Value Defined,,,,,,,,,,,,,,,,,,
Party,RestPostResponse,SOCIAL_SECURITY,,identificationType,,,,,,,,,,,,,,,,,identificationType,Value Defined,,,,,,,,,,,,,,,,,,
Party,RestPostResponse,,{'contactMedium'},CONTACT_MEDIUM,,,,,,,,,,,,,,,,{'contactMedium'},,,,,Rest Object Array Containers,,,,,,,,,,,,,,,
Party,RestPostResponse,CONTACT_MEDIUM,,POSTAL_ADDRESS,mediumType,PostalAddress,,,,,,,,,,,,,,,,,,,Rest Object Containers,,,,,,,,,,,,,,,
Party,RestPostResponse,POSTAL_ADDRESS,,mediumType,,,,,,,,,,,,,,,,,mediumType,Value Defined,,,,,,,,,,,,,,,,,,
Party,RestPostResponse,POSTAL_ADDRESS,{'characteristic'},POSTAL_LINE_1,,,,,,,,,,,,,,,,{'characteristic'},street1,Value Defined,,,,,,,,,,,,,,,,,,
Party,RestPostResponse,POSTAL_ADDRESS,{'characteristic'},POSTAL_LINE_2,,,,,,,,,,,,,,,,{'characteristic'},street2,Value Defined,,,,,,,,,,,,,,,,,,
Party,RestPostResponse,POSTAL_ADDRESS,{'characteristic'},POSTAL_CITY,,,,,,,,,,,,,,,,{'characteristic'},city,Value Defined,,,,,,,,,,,,,,,,,,
Party,RestPostResponse,POSTAL_ADDRESS,{'characteristic'},POSTAL_STATE,,,,,,,,,,,,,,,,{'characteristic'},stateOrProvince,Value Defined,,,,,,,,,,,,,,,,,,
Party,RestPostResponse,POSTAL_ADDRESS,{'characteristic'},POSTAL_COUNTRY,,,,,,,,,,,,,,,,{'characteristic'},country,Value Defined,,,,,,,,,,,,,,,,,,
Party,RestPostResponse,CONTACT_MEDIUM,,HOME_ADDRESS,mediumType,HomeAddress,,,,,,,,,,,,,,,,,,,Rest Object Containers,,,,,,,,,,,,,,,
Party,RestPostResponse,HOME_ADDRESS,,mediumType,,,,,,,,,,,,,,,,,mediumType,Value Defined,,,,,,,,,,,,,,,,,,
Party,RestPostResponse,HOME_ADDRESS,{'characteristic'},HOME_LINE_1,,,,,,,,,,,,,,,,{'characteristic'},street1,Value Defined,,,,,,,,,,,,,,,,,,
Party,RestPostResponse,HOME_ADDRESS,{'characteristic'},HOME_LINE_2,,,,,,,,,,,,,,,,{'characteristic'},street2,Value Defined,,,,,,,,,,,,,,,,,,
Party,RestPostResponse,HOME_ADDRESS,{'characteristic'},HOME_CITY,,,,,,,,,,,,,,,,{'characteristic'},city,Value Defined,,,,,,,,,,,,,,,,,,
Party,RestPostResponse,HOME_ADDRESS,{'characteristic'},HOME_STATE,,,,,,,,,,,,,,,,{'characteristic'},stateOrProvince,Value Defined,,,,,,,,,,,,,,,,,,
Party,RestPostResponse,HOME_ADDRESS,{'characteristic'},HOME_COUNTRY,,,,,,,,,,,,,,,,{'characteristic'},country,Value Defined,,,,,,,,,,,,,,,,,,
Party,RestPostResponse,HOME_ADDRESS,{'characteristic'},HOME_POST_CODE,,,,,,,,,,,,,,,,{'characteristic'},postCode,Value Defined,,,,,,,,,,,,,,,,,,
Party,RestPostResponse,POSTAL_ADDRESS,{'characteristic'},POSTAL_POST_CODE,,,,,,,,,,,,,,,,{'characteristic'},postCode,Value Defined,,,,,,,,,,,,,,,,,,
Party,RestPostResponse,CONTACT_MEDIUM,,WORK_ADDRESS,mediumType,WorkAddress,,,,,,,,,,,,,,,,,,,Rest Object Containers,,,,,,,,,,,,,,,
Party,RestPostResponse,WORK_ADDRESS,,mediumType,,,,,,,,,,,,,,,,,mediumType,Value Defined,,,,,,,,,,,,,,,,,,
Party,RestPostResponse,WORK_ADDRESS,{'characteristic'},WORK_LINE_1,,,,,,,,,,,,,,,,{'characteristic'},street1,Value Defined,,,,,,,,,,,,,,,,,,
Party,RestPostResponse,WORK_ADDRESS,{'characteristic'},WORK_LINE_2,,,,,,,,,,,,,,,,{'characteristic'},street2,Value Defined,,,,,,,,,,,,,,,,,,
Party,RestPostResponse,WORK_ADDRESS,{'characteristic'},WORK_CITY,,,,,,,,,,,,,,,,{'characteristic'},city,Value Defined,,,,,,,,,,,,,,,,,,
Party,RestPostResponse,WORK_ADDRESS,{'characteristic'},WORK_STATE,,,,,,,,,,,,,,,,{'characteristic'},stateOrProvince,Value Defined,,,,,,,,,,,,,,,,,,
Party,RestPostResponse,WORK_ADDRESS,{'characteristic'},WORK_COUNTRY,,,,,,,,,,,,,,,,{'characteristic'},country,Value Defined,,,,,,,,,,,,,,,,,,
Party,RestPostResponse,WORK_ADDRESS,{'characteristic'},WORK_POST_CODE,,,,,,,,,,,,,,,,{'characteristic'},postCode,Value Defined,,,,,,,,,,,,,,,,,,
Party,RestPostResponse,CONTACT_MEDIUM,,HOME_NUMBER,mediumType,HomeNumber,,,,,,,,,,,,,,,,,,,Rest Object Containers,,,,,,,,,,,,,,,
Party,RestPostResponse,HOME_NUMBER,,mediumType,,,,,,,,,,,,,,,,,mediumType,Value Defined,,,,,,,,,,,,,,,,,,
Party,RestPostResponse,HOME_NUMBER,{'characteristic'},HOME_PHONE_NR,,,,,,,,,,,,,,,,{'characteristic'},phoneNumber,Value Defined,,,,,,,,,,,,,,,,,,
Party,RestPostResponse,LANGUAGE_ABILITY_A,,LANGUAGE_ABILITY_O,,,,,,,,,,,,,,,,,,,,,Rest Object Containers,,,,,,,,,,,,,,,
Party,RestPostResponse,LANGUAGE_ABILITY_O,,speakingProficiency,,,,,,,,,,,,,,,,,speakingProficiency,Value Defined,,,,,,,,,,,,,,,,,,
Party,RestPostResponse,MOBILE_NUMBER,,mediumType,,,,,,,,,,,,,,,,,mediumType,Value Defined,,,,,,,,,,,,,,,,,,
Party,RestPostResponse,SKILL_O,,PROFESSION,,,,,,,,,,,,,,,,,skillName,Value Defined,,,,,,,,,,,,,,,,,,
Party,RestPostResponse,,{'languageAbility'},LANGUAGE_ABILITY_A,,,,,,,,,,,,,,,,{'languageAbility'},,,,,Rest Object Array Containers,,,,,,,,,,,,,,,
Party,RestPostResponse,MOBILE_NUMBER,{'characteristic'},MOBILE_PHONE_NR,,,,,,,,,,,,,,,,{'characteristic'},phoneNumber,Value Defined,,,,,,,,,,,,,,,,,,
Party,RestPostResponse,,{'skill'},SKILL_A,,,,,,,,,,,,,,,,{'skill'},,,,,Rest Object Array Containers,,,,,,,,,,,,,,,
Party,RestPostResponse,SKILL_A,,SKILL_O,,,,,,,,,,,,,,,,,,,,,Rest Object Containers,,,,,,,,,,,,,,,
Party,RestPostResponse,CONTACT_MEDIUM,,EMAIL_ADDRESS,mediumType,EmailAddress,,,,,,,,,,,,,,,,,,,Rest Object Containers,,,,,,,,,,,,,,,
Party,RestPostResponse,EMAIL_ADDRESS,,mediumType,,,,,,,,,,,,,,,,,mediumType,Value Defined,,,,,,,,,,,,,,,,,,
Party,RestPostResponse,EMAIL_ADDRESS,{'characteristic'},EMAIL_ADDRESS,,,,,,,,,,,,,,,,{'characteristic'},emailAddress,Value Defined,,,,,,,,,,,,,,,,,,
Party,RestPostResponse,DISABILITY_A,,DISABILITY_O,,,,,,,,,,,,,,,,,,,,,Rest Object Containers,,,,,,,,,,,,,,,
Party,RestPostResponse,,,PREFERRED_NAME,,,,,,,,,,,,,,,,,preferredGivenName,Value Defined,,,,,,,,,,,,,,,,,,
Party,RestPostResponse,,,STATUS,,,,,,,,,,,,,,,,,status,Value Defined,,,,,,,,,,,,,,,,,,
Party,RestPostResponse,,,EFFECTIVE_START_DATE,,,,,,,,,,,,,,,,{'validFor'},startDateTime,Value Defined,,,,,,,,,,,,,,,,,,
Party,RestPostResponse,,,EFFECTIVE_END_DATE,,,,,,,,,,,,,,,,{'validFor'},endDateTime,Value Defined,,,,,,,,,,,,,,,,,,
Party,RestPostResponse,INDIVIDUAL_IDENTIFICATION,,INDIVIDUAL,identificationType,Individual,,,,,,,,,,,,,,,,,,,Rest Object Containers,,,,,,,,,,,,,,,
Party,RestPostResponse,INDIVIDUAL,,identificationType,,,,,,,,,,,,,,,,,identificationType,Value Defined,,,,,,,,,,,,,,,,,,
Party,RestPostResponse,INDIVIDUAL,,PASSWORD,,,,,,,,,,,,,,,,,identificationId,Value Defined,,,,,,,,,,,,,,,,,,
Party,RestPostResponse,CONTACT_MEDIUM,,MOBILE_NUMBER,mediumType,MobileNumber,,,,,,,,,,,,,,,,,,,Rest Object Containers,,,,,,,,,,,,,,,
Party,RestPostResponse,CONTACT_MEDIUM,,WORK_NUMBER,mediumType,WorkNumber,,,,,,,,,,,,,,,,,,,Rest Object Containers,,,,,,,,,,,,,,,
Party,RestPostResponse,CONTACT_MEDIUM,,FAX_NUMBER,mediumType,FaxNumber,,,,,,,,,,,,,,,,,,,Rest Object Containers,,,,,,,,,,,,,,,
Party,RestPostResponse,WORK_NUMBER,{'characteristic'},WORK_PHONE_NR,,,,,,,,,,,,,,,,{'characteristic'},phoneNumber,Value Defined,,,,,,,,,,,,,,,,,,
Party,RestPostResponse,WORK_NUMBER,,mediumType,,,,,,,,,,,,,,,,,mediumType,Value Defined,,,,,,,,,,,,,,,,,,
Party,RestPostResponse,FAX_NUMBER,,mediumType,,,,,,,,,,,,,,,,,mediumType,Value Defined,,,,,,,,,,,,,,,,,,
Party,RestPostResponse,FAX_NUMBER,{'characteristic'},FAX_PHONE_NR,,,,,,,,,,,,,,,,{'characteristic'},faxNumber,Value Defined,,,,,,,,,,,,,,,,,,
Party,RestPostResponse,RESIDENCY_STATUS,,valueType,,,,,,,,,,,,,,,,,valueType,Value Defined,,,,,,,,,,,,,,,,,,
Party,RestPostResponse,LANGUAGE_ABILITY_O,,writingProficiency,,,,,,,,,,,,,,,,,writingProficiency,Value Defined,,,,,,,,,,,,,,,,,,
Party,RestPostResponse,,{'relatedParty'},RELATED_PARTY_A,,,,,,,,,,,,,,,,{'relatedParty'},,,,,Rest Object Array Containers,,,,,,,,,,,,,,,
Party,RestPostResponse,RELATED_PARTY_A,,RELATED_PARTY_O,,,,,,,,,,,,,,,,,,,,,Rest Object Containers,,,,,,,,,,,,,,,
Party,RestPostResponse,RELATED_PARTY_O,,id,,,,,,,,,,,,,,,,,id,Value Defined,,,,,,,,,,,,,,,,,,
Party,RestPostResponse,,,HREF,,,,,,,,,,,,,,,,,href,Value Defined,,,,,,,,,,,,,,,,,,
CustomerPayment,PERestPost,,{'account'},ACCOUNT_O,,,,,,,,,,,,,,,,,,,,,Rest Object Containers,,,,,,,,,,,,,,,
CustomerPayment,PERestPost,ACCOUNT_O,,id,,,,,,,,,,,,,,,,,TO_ACCOUNT_ID,Value Defined,,,,,,,,,,,,,,,,,,
CustomerPayment,PERestPost,,{'totalAmount'},TOTAL_AMOUNT_O,,,,,,,,,,,,,,,,,,,,,Rest Object Containers,,,,,,,,,,,,,,,
CustomerPayment,PERestPost,TOTAL_AMOUNT_O,,value,,,,,,,,,,,,,,,,,AMOUNT,Value Defined,,real,,,,,,,,,,,,,,,,
CustomerPayment,PERestPost,TOTAL_AMOUNT_O,,unit,,,,,,,,,,,,,,,,,CURRENCY_SYMBOL,Value Defined,,,,CM,Currency,,,,,,,,,,,,,
CustomerPayment,PERestPost,PAYMENT_METHOD_O,,id,,,,,,,,,,,,,,,,,PAYMENT_TYPE_ID,Value Defined,,,,,,,,,,,,,,,,,,
CustomerPayment,PERestPost,PAYMENT_METHOD_O,,name,,,,,,,,,,,,,,,,,PAYMENT_TYPE_NAME,Value Defined,,denormalised reference,,,,,,,,,,,,,,,,
CustomerPayment,PERestPost,,{'paymentMethod'},PAYMENT_METHOD_O,,,,,,,,,,,,,,,,,,,,,Rest Object Containers,,,,,,,,,,,,,,,
CustomerPayment,PERestPostResponse,,{'amount'},AMOUNT_O,,,,,,,,,,,,,,,,{'amount'},,Value Defined,,,Rest Object Containers,,,,,,,,,,,,,,,
CustomerPayment,PERestPostResponse,AMOUNT_O,,amount,,,,,,,,,,,,,,,,,AMOUNT,Value Defined,,real,,,,,,,,,,,,,,,,
CustomerPayment,PERestPostResponse,AMOUNT_O,,units,,,,,,,,,,,,,,,,,CURRENCY_SYMBOL,Value Defined,,,,,,,,,,,,,,,,,,
CustomerPayment,PERestPost,,,@type,,,,,,,,,,,,,,,,,PAYMENT_TYPE_DISPLAY_NAME,Value Defined,,,,,,,,,,,,,,,,,,
CustomerPayment,PERestPost,PAYMENT_METHOD_O,,@type,,,,,,,,,,,,,,,,,PAYMENT_TYPE,Value Defined,,denormalised reference,,CM,Payment_Type,,,,,,,,,,,,,
CustomerPayment,PERestPost,,,paymentDate,,,,,,,,,,,,,,,,,PAYMENT_RECEIVED_DATE,Value Defined,,denormalised reference,,,,,,,,,,,,,,,,
CustomerPayment,PERestPost,ACCOUNT_O,,name,,,,,,,,,,,,,,,,,ACCOUNT_NAME,Value Defined,,,,,,,,,,,,,,,,,,
