Entity Name,Action,,,,,,,,,,,,,,,,,,,Log?,Handle Sensitive Data?,,,,,,,,,,,,,,,,,,,
Customer,RestGet,,,,,,,,,,,,,,,,,,,No,No,,,,,,,,,,,,,,,,,,,
Customer,RestPatch,,,,,,,,,,,,,,,,,,,No,No,,,,,,,,,,,,,,,,,,,
Customer,RestPost,,,,,,,,,,,,,,,,,,,No,No,,,,,,,,,,,,,,,,,,,
Customer,RestList,,,,,,,,,,,,,,,,,,,No,No,,,,,,,,,,,,,,,,,,,
Party,RestGet,,,,,,,,,,,,,,,,,,,No,No,,,,,,,,,,,,,,,,,,,
Party,RestPost,,,,,,,,,,,,,,,,,,,No,No,,,,,,,,,,,,,,,,,,,
Party,RestPatch,,,,,,,,,,,,,,,,,,,No,No,,,,,,,,,,,,,,,,,,,
CustomerPayment,RestPost,,,,,,,,,,,,,,,,,,,No,No,,,,,,,,,,,,,,,,,,,
CustomerPayment,RestGet,,,,,,,,,,,,,,,,,,,No,No,,,,,,,,,,,,,,,,,,,
CustomerPayment,RestList,,,,,,,,,,,,,,,,,,,No,No,,,,,,,,,,,,,,,,,,,
CustomerBill,RestGet,,,,,,,,,,,,,,,,,,,No,No,,,,,,,,,,,,,,,,,,,
CustomerBill,RestList,,,,,,,,,,,,,,,,,,,No,No,,,,,,,,,,,,,,,,,,,
EPMExpr,RestPost,,,,,,,,,,,,,,,,,,,No,No,,,,,,,,,,,,,,,,,,,
BillingAccount,RestGet,,,,,,,,,,,,,,,,,,,No,No,,,,,,,,,,,,,,,,,,,
SQLQuery,RestPost,,,,,,,,,,,,,,,,,,,No,No,,,,,,,,,,,,,,,,,,,
ProductOrder,RestPost,,,,,,,,,,,,,,,,,,,No,No,,,,,,,,,,,,,,,,,,,
ProductOrder,RestPatch,,,,,,,,,,,,,,,,,,,No,No,,,,,,,,,,,,,,,,,,,
ProductOrder,RestGet,,,,,,,,,,,,,,,,,,,No,No,,,,,,,,,,,,,,,,,,,
Usage,RestList,,,,,,,,,,,,,,,,,,,No,No,,,,,,,,,,,,,,,,,,,
Usage,RestGet,,,,,,,,,,,,,,,,,,,No,No,,,,,,,,,,,,,,,,,,,
UsageConsumption,RestGet,,,,,,,,,,,,,,,,,,,No,No,,,,,,,,,,,,,,,,,,,
CustomerPayment,PERestPost,,,,,,,,,,,,,,,,,,,No,No,,,,,,,,,,,,,,,,,,,
