Request Name,,,,,,,,,,,,,,,,,,,,Function Name,Interface Number,One Way,Micro Batch Size,Micro Batch Timeout,Request Timeout,Thresholds,,,,,,,,,,,,,,
SLR_INITIAL_REQUEST,,,,,,,,,,,,,,,,,,,,diampcrf.sy.fSLR_INITIAL_REQUEST&,1,0,0,0,30000,,,,,,,,,,,,,,,
SLR_INTERMEDIATE_REQUEST,,,,,,,,,,,,,,,,,,,,diampcrf.sy.fSLR_INTERMEDIATE_REQUEST&,1,0,0,0,30000,,,,,,,,,,,,,,,
ST_REQUEST,,,,,,,,,,,,,,,,,,,,diampcrf.sy.fSESSION_TERMINATE_REQUEST&,1,0,0,0,30000,,,,,,,,,,,,,,,
GET_SUBSCRIBER_REQUEST,,,,,,,,,,,,,,,,,,,,spr.fSubscriberNotificationsRequest&,1,0,0,0,30000,,,,,,,,,,,,,,,
CCR_INITIAL_REQUEST,,,,,,,,,,,,,,,,,,,,diamce.fCCR_INITIAL_REQUEST&,1,0,0,0,30000,,,,,,,,,,,,,,,
CCR_UPDATE_REQUEST,,,,,,,,,,,,,,,,,,,,diamce.fCCR_UPDATE_REQUEST&,1,0,0,0,30000,,,,,,,,,,,,,,,
CCR_TERMINATION_REQUEST,,,,,,,,,,,,,,,,,,,,diamce.fCCR_TERMINATION_REQUEST&,1,0,0,0,30000,,,,,,,,,,,,,,,
CCR_EVENT_REQUEST,,,,,,,,,,,,,,,,,,,,diamce.fCCR_EVENT_REQUEST&,1,0,0,0,30000,,,,,,,,,,,,,,,
CCR_TOP_UP_REQUEST,,,,,,,,,,,,,,,,,,,,diamce.fCCR_TOP_UP_REQUEST&,1,0,0,0,30000,,,,,,,,,,,,,,,
