Vendor Id,AVP Code,,,,,,,,,,,,,,,,,,,Name,Data Type,MUST,MAY,SHOULD NOT,MUST NOT,Encryption,,,,,,,,,,,,,,
0,832,,,,,,,,,,,,,,,,,,,Called-Party-Address,UTF8String,M,P,NONE,V,No,,,,,,,,,,,,,,
581,17,,,,,,,,,,,,,,,,,,,Advice-Of-Charge,Unsigned32,M,P,NONE,NONE,No,,,,,,,,,,,,,,
581,34,,,,,,,,,,,,,,,,,,,Access-Method,UTF8String,NONE,NONE,NONE,NONE,No,,,,,,,,,,,,,,
581,35,,,,,,,,,,,,,,,,,,,Utc-Offset,UTF8String,NONE,NONE,NONE,NONE,No,,,,,,,,,,,,,,
581,38,,,,,,,,,,,,,,,,,,,Server-Address,UTF8String,NONE,NONE,NONE,NONE,No,,,,,,,,,,,,,,
581,41,,,,,,,,,,,,,,,,,,,Bearer-Capability,UTF8String,NONE,NONE,NONE,NONE,No,,,,,,,,,,,,,,
581,43,,,,,,,,,,,,,,,,,,,Scp-Address,UTF8String,NONE,NONE,NONE,NONE,No,,,,,,,,,,,,,,
581,48,,,,,,,,,,,,,,,,,,,Location-Information,UTF8String,NONE,NONE,NONE,NONE,No,,,,,,,,,,,,,,
581,55,,,,,,,,,,,,,,,,,,,Message-Type,UTF8String,NONE,NONE,NONE,NONE,No,,,,,,,,,,,,,,
581,56,,,,,,,,,,,,,,,,,,,Calling-Party-User-Id,UTF8String,NONE,NONE,NONE,NONE,No,,,,,,,,,,,,,,
581,60,,,,,,,,,,,,,,,,,,,Number-Of-Recipients,UTF8String,NONE,NONE,NONE,NONE,No,,,,,,,,,,,,,,
581,61,,,,,,,,,,,,,,,,,,,Completion-Status,UTF8String,NONE,NONE,NONE,NONE,No,,,,,,,,,,,,,,
581,62,,,,,,,,,,,,,,,,,,,Sms-Status,UTF8String,NONE,NONE,NONE,NONE,No,,,,,,,,,,,,,,
581,73,,,,,,,,,,,,,,,,,,,Sms-Sent-Time,Time,NONE,NONE,NONE,NONE,No,,,,,,,,,,,,,,
581,74,,,,,,,,,,,,,,,,,,,Sms-Received-Time,Time,NONE,NONE,NONE,NONE,No,,,,,,,,,,,,,,
0,460,,,,,,,,,,,,,,,,,,,User-Equipment-Info-Value,UTF8String,NONE,NONE,NONE,NONE,No,,,,,,,,,,,,,,
