Command Type,Variant,Command Code,Abbreviation,Name,Vendor Id,AVP Code,,,,,,,,,,,,,,Occurrence,Position,Processing Option,,,,,,,,,,,,,,,,,,
Request,581,272,CCR,Credit-Control-Request,0,832,,,,,,,,,,,,,,1,0,Send,,,,,,,,,,,,,,,,,,
Request,581,272,CCR,Credit-Control-Request,581,34,,,,,,,,,,,,,,0-1,0,Send,,,,,,,,,,,,,,,,,,
Request,581,272,CCR,Credit-Control-Request,581,35,,,,,,,,,,,,,,0-1,0,Send,,,,,,,,,,,,,,,,,,
Request,581,272,CCR,Credit-Control-Request,581,38,,,,,,,,,,,,,,0-1,0,Send,,,,,,,,,,,,,,,,,,
Request,581,272,CCR,Credit-Control-Request,581,41,,,,,,,,,,,,,,0-1,0,Send,,,,,,,,,,,,,,,,,,
Request,581,272,CCR,Credit-Control-Request,581,43,,,,,,,,,,,,,,0-1,0,Send,,,,,,,,,,,,,,,,,,
Request,581,272,CCR,Credit-Control-Request,581,48,,,,,,,,,,,,,,0-1,0,Send,,,,,,,,,,,,,,,,,,
Request,581,272,CCR,Credit-Control-Request,581,55,,,,,,,,,,,,,,0-1,0,Send,,,,,,,,,,,,,,,,,,
Request,581,272,CCR,Credit-Control-Request,581,56,,,,,,,,,,,,,,0-1,0,Send,,,,,,,,,,,,,,,,,,
Request,581,272,CCR,Credit-Control-Request,581,60,,,,,,,,,,,,,,0-1,0,Send,,,,,,,,,,,,,,,,,,
Request,581,272,CCR,Credit-Control-Request,581,61,,,,,,,,,,,,,,0-1,0,Send,,,,,,,,,,,,,,,,,,
Request,581,272,CCR,Credit-Control-Request,581,62,,,,,,,,,,,,,,0-1,0,Send,,,,,,,,,,,,,,,,,,
Request,581,272,CCR,Credit-Control-Request,581,73,,,,,,,,,,,,,,0-1,0,Send,,,,,,,,,,,,,,,,,,
Request,581,272,CCR,Credit-Control-Request,581,74,,,,,,,,,,,,,,0-1,0,Send,,,,,,,,,,,,,,,,,,
Answer,581,272,CCA,Credit-Control-Answer,0,281,,,,,,,,,,,,,,0+,0,Send,,,,,,,,,,,,,,,,,,
Request,581,272,CCR,Credit-Control-Request,581,17,,,,,,,,,,,,,,1,0,Send,,,,,,,,,,,,,,,,,,
