<?xml version="1.0" encoding="UTF-8" standalone="no"?>
<SQLExport>
<Table name="FUNCTION_DEFN_HISTORY_R">
<Row>
  <archive_id>1</archive_id>
  <function_defn_id>30028146</function_defn_id>
  <effective_start_date>1900-01-01T00:00:00</effective_start_date>
  <effective_end_date>9999-12-30T23:59:59</effective_end_date>
  <function_defn_name><![CDATA[PEApi.payment.v1.Insert&]]></function_defn_name>
  <interface_nr>1</interface_nr>
  <description><![CDATA[wrapper PE function]]></description>
  <last_modified>2023-10-05T21:59:44</last_modified>
  <atlanta_operator_id>7</atlanta_operator_id>
  <atlanta_group_id>950</atlanta_group_id>
  <data_type_code>0</data_type_code>
  <remote_call_type_code>1</remote_call_type_code>
  <remote_notrans_ind_code>0</remote_notrans_ind_code>
  <remote_service_name><![CDATA[cmFnEvaluate]]></remote_service_name>
  <application_env_code>7</application_env_code>
  <context_code>0</context_code>
  <function_defn_txt><![CDATA[#---------------------------------------------------------------------------
#
#   File:       PEApi.payment.v1.Insert&
#   Created:    05-Oct-2023 21:41:08
#   Creator:    tpsysadm  (Singleview System Administrator)
#   $Revision:$
#   $Id:$
#
# ===========================================================================
# COPYRIGHT (C) 2023 CSG SYSTEMS INTERNATIONAL, INC. AND/OR ITS 
# AFFILIATES ("CSG INTERNATIONAL"). ALL RIGHTS RESERVED. THE INFORMATION
# CONTAINED WITHIN THIS DOCUMENT OR APPLICATION IS THE PROPERTY OF CSG 
# INTERNATIONAL, WHICH IS CONFIDENTIAL AND PROTECTED BY INTERNATIONAL 
# COPYRIGHT LAWS AND ANY UNAUTHORISED USE OF THIS DOCUMENT OR APPLICATION 
# OR ITS CONTENTS MAY VIOLATE COPYRIGHT, TRADEMARK, AND OTHER LAWS. NO 
# PART OF THIS DOCUMENT OR APPLICATION MAY BE PHOTOCOPIED, REPRODUCED 
# OR TRANSLATED IN ANY FORM OR BY ANY MEANS, OR STORED IN A RETRIEVAL 
# SYSTEM OR TRANSMITTED ELECTRONICALLYOR OTHERWISE, WITHOUT THE PRIOR 
# WRITTEN CONSENT OF CSG INTERNATIONAL.
# ===========================================================================
#
# NAME:
#   PEApi.payment.v1.Insert&
#
# DESCRIPTION:
#   Describe what the function does
#
# PARAMETERS:
#   parm1& - Description of parameter 1.
#   parm2$ - Description of parameter 2.
#
# RETURNS:
#   Describe what the function returns.
#
# REVISION HISTORY:
#   $Log:$
#---------------------------------------------------------------------------

PEApi.payment.v1.Insert&(const RequestHeaders${},
                                var ResponseHeaders${},
                                var Etag$,
                                var Entities?{}) =
{
    import api.fConstant&;
    import api.REST.fConstant&;
    
    const API_CONTROL?{} := hash([ENTITY$, 'CustomerPayment', 
                                  ACTION$, 'PERestPost',
                                  ED_VALIDATE$, TRUE,       # TRUE if required to call api.imp.<PROTOCOL>.f<ACTION><ENTITY>Operations->fValidateEDInputData&
                                  CB_VALIDATE$, TRUE,       # TRUE if required to call api.imp.f<ACTION><ENTITY>ExecuteOperations->fValidateCBInputData&
                                  EXTRA_RESPONSE$, TRUE ,   # TRUE if required to call api.imp.<PROTOCOL>.f<ACTION><ENTITY>Operations->fBuildEntityActionResponse&
                                  EXECUTE_SEP_TRANS$, FALSE, # execute the work as a separate transaction 
                                  REST_PRE_PROCESS$, TRUE,   # TRUE if required to call api.imp.<PROTOCOL>.f<ACTION><ENTITY>Operations->fInputDataPreprocessing& 
                                  CREATE_CASE$, TRUE
                                 ]);
                                  
    var lControl?{} :=  API_CONTROL?{} + REST_CONTROL?{};
    var lJSONResponse?{};
    var lStatus&;
    
    try {        
        # Custom common function to process Inbound Request
        api.fProcessInboundRequest&(lControl?{}, Entities?{}, lJSONResponse?{});
        Entities?{} := transfer(lJSONResponse?{});
    }
    except {        
        Entities?{} := transfer(lJSONResponse?{HTTP_ERROR$}{});       
    }

    lStatus& := Entities&{HTTP_STATUS$};
    delete(Entities?{}, HTTP_STATUS$);
    
    return lStatus&; 
}




#
#       End (of PEApi.payment.v1.Insert&)
#
]]></function_defn_txt>
</Row>
</Table>
<Table name="FUNCTION_DEFN_R">
<Row>
  <archive_id>1</archive_id>
  <function_defn_id>30028146</function_defn_id>
  <variable_defn_id>87033453</variable_defn_id>
</Row>
</Table>
<Table name="FUNCTION_ROLE_MAP_R">
<Row>
  <archive_id>1</archive_id>
  <function_role_id>2</function_role_id>
  <function_defn_id>30028146</function_defn_id>
  <invoke_function_defn_id>30028146</invoke_function_defn_id>
</Row>
</Table>
<Table name="VARIABLE_DEFN_DEPENDENCY_R">
<Row>
  <archive_id>1</archive_id>
  <variable_defn_id>87033453</variable_defn_id>
  <effective_start_date>1900-01-01T00:00:00</effective_start_date>
  <effective_end_date>9999-12-30T23:59:59</effective_end_date>
  <dependent_variable_defn_id>485027</dependent_variable_defn_id>
  <dependency_count>1</dependency_count>
</Row>
<Row>
  <archive_id>1</archive_id>
  <variable_defn_id>87033453</variable_defn_id>
  <effective_start_date>1900-01-01T00:00:00</effective_start_date>
  <effective_end_date>9999-12-30T23:59:59</effective_end_date>
  <dependent_variable_defn_id>485031</dependent_variable_defn_id>
  <dependency_count>1</dependency_count>
</Row>
<Row>
  <archive_id>1</archive_id>
  <variable_defn_id>87033453</variable_defn_id>
  <effective_start_date>1900-01-01T00:00:00</effective_start_date>
  <effective_end_date>9999-12-30T23:59:59</effective_end_date>
  <dependent_variable_defn_id>485069</dependent_variable_defn_id>
  <dependency_count>1</dependency_count>
</Row>
</Table>
<Table name="VARIABLE_DEFN_HISTORY_R">
<Row>
  <archive_id>1</archive_id>
  <variable_defn_id>87033453</variable_defn_id>
  <variable_defn_name><![CDATA[PEApi.payment.v1.Insert&]]></variable_defn_name>
  <last_modified>2023-10-05T21:59:44</last_modified>
  <effective_start_date>1900-01-01T00:00:00</effective_start_date>
  <effective_end_date>9999-12-30T23:59:59</effective_end_date>
  <data_type_code>0</data_type_code>
  <variable_type_code>4</variable_type_code>
  <context_code>0</context_code>
  <application_env_code>7</application_env_code>
</Row>
</Table>
<Table name="VARIABLE_DEFN_R">
<Row>
  <archive_id>1</archive_id>
  <variable_defn_id>87033453</variable_defn_id>
</Row>
</Table>
</SQLExport>
