<?xml version="1.0" encoding="UTF-8" standalone="no"?>
<SQLExport>
<Table name="FUNCTION_DEFN_HISTORY_R">
<Row>
  <archive_id>1</archive_id>
  <function_defn_id>3219</function_defn_id>
  <effective_start_date>1900-01-01T00:00:00</effective_start_date>
  <effective_end_date>9999-12-30T23:59:59</effective_end_date>
  <function_defn_name><![CDATA[GLGuidance?[]]]></function_defn_name>
  <interface_nr>1</interface_nr>
  <description><![CDATA[This function is intended to be customised to implement vendor specified General Ledger (GL) system requirements.

The GLGuidance?[]() function must return an array of unknown hashes.  Each hash will contain the following keys and value mappings.
GL_GUIDANCE_ID =>  (Integer) Unique identifier of the GL Guidance entity.
AMOUNT         =>  (Real)    Amount allocated to this GL Guidance entity.
CURRENCY_ID    =>  (Integer) Currency of the amount.]]></description>
  <last_modified>2023-11-24T17:44:11</last_modified>
  <atlanta_operator_id>7</atlanta_operator_id>
  <atlanta_group_id>4</atlanta_group_id>
  <data_type_code>13</data_type_code>
  <application_env_code>8</application_env_code>
  <context_code>0</context_code>
  <function_defn_txt><![CDATA[GLGuidance?[]() = {
    
    # Static configuration
    
    var result?[];  # result of this function
    var glGuidance?{};

    var fieldValues?[]   := GLGuidanceFetch?[]('ROLLUPG Deferred Revenue', 
                                               effective_date(), 
                                               ['GL_GUIDANCE_ID', 'EBUB_DEBIT_GL_CODE_ID', 'BUE_DEBIT_GL_CODE_ID','CURRENCY_ID']);

    glGuidance?{'GL_GUIDANCE_ID'}  := fieldValues&[0];
    glGuidance?{'CURRENCY_ID'}     := fieldValues&[3];
    glGuidance#{'AMOUNT'}          := ChgInputCharge#;
    
    push(result?[], glGuidance?{});

    return transfer(result?[]);
}
]]></function_defn_txt>
</Row>
</Table>
<Table name="FUNCTION_DEFN_R">
<Row>
  <archive_id>1</archive_id>
  <function_defn_id>3219</function_defn_id>
  <variable_defn_id>6995</variable_defn_id>
  <version_str><![CDATA[$Revision: 160347 $,2006-01-23T10:48:20]]></version_str>
</Row>
</Table>
<Table name="GL_CODE_HISTORY_R">
<Row>
  <archive_id>1</archive_id>
  <gl_code_id>30000180</gl_code_id>
  <last_modified>2023-10-17T15:24:08</last_modified>
  <effective_start_date>1900-01-01T00:00:00</effective_start_date>
  <effective_end_date>9999-12-30T23:59:59</effective_end_date>
  <gl_code_name><![CDATA[Recharge_GL_code]]></gl_code_name>
  <description><![CDATA[Recharge_GL_code]]></description>
  <account_class_code>2</account_class_code>
  <account_category_code>2</account_category_code>
  <atlanta_operator_id>7</atlanta_operator_id>
  <atlanta_group_id>1</atlanta_group_id>
  <reporting_entity_id>1</reporting_entity_id>
  <currency_id>1</currency_id>
  <hierarchy_level>1</hierarchy_level>
</Row>
<Row>
  <archive_id>1</archive_id>
  <gl_code_id>30000200</gl_code_id>
  <last_modified>2023-11-24T17:34:32</last_modified>
  <effective_start_date>1900-01-01T00:00:00</effective_start_date>
  <effective_end_date>9999-12-30T23:59:59</effective_end_date>
  <gl_code_name><![CDATA[ROLLUPG Accounts Receivable]]></gl_code_name>
  <description><![CDATA[InvXML: Amounts billed to and owed by client and server developers.]]></description>
  <account_class_code>1</account_class_code>
  <account_category_code>1</account_category_code>
  <atlanta_operator_id>7</atlanta_operator_id>
  <atlanta_group_id>1</atlanta_group_id>
  <reporting_entity_id>1</reporting_entity_id>
  <currency_id>1</currency_id>
  <hierarchy_level>1</hierarchy_level>
</Row>
<Row>
  <archive_id>1</archive_id>
  <gl_code_id>30000201</gl_code_id>
  <last_modified>2023-11-24T17:34:50</last_modified>
  <effective_start_date>1900-01-01T00:00:00</effective_start_date>
  <effective_end_date>9999-12-30T23:59:59</effective_end_date>
  <gl_code_name><![CDATA[ROLLUPG Deferred Revenue]]></gl_code_name>
  <description><![CDATA[InvXML: Advance rental charges.]]></description>
  <account_class_code>2</account_class_code>
  <account_category_code>4</account_category_code>
  <atlanta_operator_id>7</atlanta_operator_id>
  <atlanta_group_id>1</atlanta_group_id>
  <reporting_entity_id>1</reporting_entity_id>
  <currency_id>1</currency_id>
  <hierarchy_level>1</hierarchy_level>
</Row>
<Row>
  <archive_id>1</archive_id>
  <gl_code_id>30000202</gl_code_id>
  <last_modified>2023-11-24T17:35:05</last_modified>
  <effective_start_date>1900-01-01T00:00:00</effective_start_date>
  <effective_end_date>9999-12-30T23:59:59</effective_end_date>
  <gl_code_name><![CDATA[ROLLUPG Revenue]]></gl_code_name>
  <description><![CDATA[InvXML: All revenue earned from client and server developers.]]></description>
  <account_class_code>3</account_class_code>
  <account_category_code>6</account_category_code>
  <atlanta_operator_id>7</atlanta_operator_id>
  <atlanta_group_id>1</atlanta_group_id>
  <reporting_entity_id>1</reporting_entity_id>
  <currency_id>1</currency_id>
  <hierarchy_level>1</hierarchy_level>
</Row>
</Table>
<Table name="GL_CODE_R">
<Row>
  <archive_id>1</archive_id>
  <gl_code_id>30000180</gl_code_id>
</Row>
<Row>
  <archive_id>1</archive_id>
  <gl_code_id>30000200</gl_code_id>
</Row>
<Row>
  <archive_id>1</archive_id>
  <gl_code_id>30000201</gl_code_id>
</Row>
<Row>
  <archive_id>1</archive_id>
  <gl_code_id>30000202</gl_code_id>
</Row>
</Table>
<Table name="GL_GUIDANCE_HISTORY_R">
<Row>
  <archive_id>1</archive_id>
  <gl_guidance_id>30000200</gl_guidance_id>
  <last_modified>2023-11-24T17:37:02</last_modified>
  <effective_start_date>1900-01-01T00:00:00</effective_start_date>
  <effective_end_date>9999-12-30T23:59:59</effective_end_date>
  <gl_guidance_name><![CDATA[ROLLUPG Deferred Revenue]]></gl_guidance_name>
  <description><![CDATA[ROLLUPG: GL guidance info for revenue that is deferred over time.]]></description>
  <atlanta_operator_id>7</atlanta_operator_id>
  <atlanta_group_id>1</atlanta_group_id>
  <currency_id>1</currency_id>
  <ebub_currency_id>1</ebub_currency_id>
  <be_debit_gl_code_id>30000200</be_debit_gl_code_id>
  <be_credit_gl_code_id>30000202</be_credit_gl_code_id>
  <bue_debit_gl_code_id>30000200</bue_debit_gl_code_id>
  <bue_credit_gl_code_id>30000201</bue_credit_gl_code_id>
</Row>
</Table>
<Table name="GL_GUIDANCE_R">
<Row>
  <archive_id>1</archive_id>
  <gl_guidance_id>30000200</gl_guidance_id>
</Row>
</Table>
<Table name="VARIABLE_DEFN_DEPENDENCY_R">
<Row>
  <archive_id>1</archive_id>
  <variable_defn_id>6995</variable_defn_id>
  <effective_start_date>1900-01-01T00:00:00</effective_start_date>
  <effective_end_date>9999-12-30T23:59:59</effective_end_date>
  <dependent_variable_defn_id>2412</dependent_variable_defn_id>
  <dependency_count>1</dependency_count>
</Row>
<Row>
  <archive_id>1</archive_id>
  <variable_defn_id>6995</variable_defn_id>
  <effective_start_date>1900-01-01T00:00:00</effective_start_date>
  <effective_end_date>9999-12-30T23:59:59</effective_end_date>
  <dependent_variable_defn_id>6356</dependent_variable_defn_id>
  <dependency_count>1</dependency_count>
</Row>
</Table>
<Table name="VARIABLE_DEFN_HISTORY_R">
<Row>
  <archive_id>1</archive_id>
  <variable_defn_id>6995</variable_defn_id>
  <variable_defn_name><![CDATA[GLGuidance?[]]]></variable_defn_name>
  <last_modified>2023-11-24T17:44:11</last_modified>
  <effective_start_date>1900-01-01T00:00:00</effective_start_date>
  <effective_end_date>9999-12-30T23:59:59</effective_end_date>
  <data_type_code>13</data_type_code>
  <variable_type_code>4</variable_type_code>
  <context_code>0</context_code>
  <application_env_code>8</application_env_code>
</Row>
</Table>
<Table name="VARIABLE_DEFN_R">
<Row>
  <archive_id>1</archive_id>
  <variable_defn_id>6995</variable_defn_id>
</Row>
</Table>
</SQLExport>
