{
    "SpotOptions": {
        "AllocationStrategy": "lowestPrice",
        "InstanceInterruptionBehavior": "terminate",
        "InstancePoolsToUseCount": 12,
        "MaxTotalPrice": "20"
    },
    "LaunchTemplateConfigs": [
        {
            "LaunchTemplateSpecification": {
                "LaunchTemplateName": "###LTNAME###",
                "Version": "1"
            },
            "Overrides": [
                {
                    "InstanceType": "r5d.large",
                    "WeightedCapacity": 1,
                    "SubnetId": "subnet-8496b5e3"
                },
                {
                    "InstanceType": "r5d.large",
                    "WeightedCapacity": 1,
                    "SubnetId": "subnet-55bce01c"
                },
                {
                    "InstanceType": "r5d.large",
                    "WeightedCapacity": 1,
                    "SubnetId": "subnet-00d30f58"
                },
                {
                    "InstanceType": "r5a.large",
                    "WeightedCapacity": 1,
                    "SubnetId": "subnet-8496b5e3"
                },
                {
                    "InstanceType": "r5a.large",
                    "WeightedCapacity": 1,
                    "SubnetId": "subnet-55bce01c"
                },
                {
                    "InstanceType": "r5a.large",
                    "WeightedCapacity": 1,
                    "SubnetId": "subnet-00d30f58"
                }
            ]
        }
    ],
    "TargetCapacitySpecification": {
        "TotalTargetCapacity": ###CAPACITY###,
        "DefaultTargetCapacityType": "spot"
    },
    "ValidUntil": "###ENDDATETIME###",
    "TerminateInstancesWithExpiration": true,
    "TagSpecifications": [
        {
            "ResourceType": "fleet", 
            "Tags": [
                {
                    "Key": "FLEET_ID", 
                    "Value": "###FLEETID###"
                }
            ]
        }
    ]
}
