{
    "UserData": "###USERDATA###",
    "InstanceInitiatedShutdownBehavior": "terminate",
    "ImageId": "ami-072c65c5d2e6b733c",
    "BlockDeviceMappings": [
        {
        "DeviceName": "xvdb",
            "Ebs": {
                "Encrypted": true,
                "DeleteOnTermination": true,
                "VolumeType": "gp2",
                "VolumeSize": 80
            }
        },
        {
            "DeviceName": "/dev/sda1",
            "Ebs": {
                "Encrypted": false,
                "DeleteOnTermination": true,
                "VolumeType": "gp2",
                "VolumeSize": 20,
                "SnapshotId": "snap-0740043922d66a1b4"
            }
        }
    ],
    "KeyName": "svrndct-landing",
    "SecurityGroupIds": [
        "sg-03ca5bd5ddc4e9279"
    ],
    "IamInstanceProfile": {
        "Arn": "arn:aws:iam::785148479268:instance-profile/jenkins-node"
    },
    "TagSpecifications": [{
        "ResourceType": "instance",
        "Tags": [
            {
                "Key": "Name",
                "Value": "###NAMETAG###"
            },
            {
                "Key": "ImageToPull",
                "Value": "###IMAGE###"
            }
        ]
    }]
}
