{
  "executionRoleArn": "arn:aws:iam::785148479268:role/jenkins-node",
  "containerDefinitions": [
    {
      "logConfiguration": {
        "logDriver": "awslogs",
        "options": {
          "awslogs-group": "/ecs/svupbuild",
          "awslogs-region": "ap-southeast-2",
          "awslogs-stream-prefix": "ecs"
        }
      },
      "command": [
        "/bin/bash",
	"-c", 
	"git clone --depth 1 http://bitbucket-au:7990/scm/sv/svtest-upgradeproc.git -b ###SVUPGITBRANCH### && cd svtest-upgradeproc/jenkins/ && chmod 755 dockerimagebuild_svrollupg.sh && ./dockerimagebuild_svrollupg.sh" 
      ],
      "image": "###APP###",
      "hostname": "svrollupg1",
      "name": "svrollupg1",
      "privileged": true,
      "systemControls": [
        {
          "namespace": "net.ipv4.ip_local_port_range",
          "value": "9000 47000"
        },
        {
          "namespace": "kernel.msgmnb",
          "value": "262144"
        },
        {
          "namespace": "kernel.msgmax",
          "value": "131072"
        },
        {
          "namespace": "net.ipv4.tcp_keepalive_time",
          "value": "60"
        },
        {
          "namespace": "net.ipv4.tcp_keepalive_probes",
          "value": "10"
        },
        {
          "namespace": "net.ipv4.tcp_keepalive_intvl",
          "value": "10"
        }
      ],
      "environment": [
        {
          "name": "DOCKER_HOST",
          "value": ""
        },
        {
          "name": "START_DB",
          "value": ""
        },
        {
          "name": "START_PCSD",
          "value": "1"
        },
	    {
	      "name": "ATA_INSTANCE",
	      "value": "SV1"
	    }
      ],
      "mountPoints": [
        {
          "sourceVolume": "dockersock",
          "containerPath": "/var/run/docker.sock"
        },
        {
          "sourceVolume": "efs",
          "containerPath": "/efs"
        },
        {
          "sourceVolume": "shared",
          "containerPath": "/shared"
        }
      ],
      "linuxParameters": {
        "tmpfs": [
          {
            "containerPath": "/run",
            "size": 100
          }
        ]
      },
      "essential": true,
      "memoryReservation": 6000
    },
    {
      "logConfiguration": {
        "logDriver": "awslogs",
        "options": {
          "awslogs-group": "/ecs/svupbuild",
          "awslogs-region": "ap-southeast-2",
          "awslogs-stream-prefix": "ecs"
        }
      },
      "command": [
        "sleep","infinity"
      ],
      "image": "###APP###",
      "hostname": "svrollupg2",
      "name": "svrollupg2",
      "privileged": true,
      "systemControls": [
        {
          "namespace": "net.ipv4.ip_local_port_range",
          "value": "9000 47000"
        },
        {
          "namespace": "kernel.msgmnb",
          "value": "262144"
        },
        {
          "namespace": "kernel.msgmax",
          "value": "131072"
        },
        {
          "namespace": "net.ipv4.tcp_keepalive_time",
          "value": "60"
        },
        {
          "namespace": "net.ipv4.tcp_keepalive_probes",
          "value": "10"
        },
        {
          "namespace": "net.ipv4.tcp_keepalive_intvl",
          "value": "10"
        }
      ],
      "environment": [
        {
          "name": "DOCKER_HOST",
          "value": ""
        },
        {
          "name": "START_DB",
          "value": ""
        },
        {
          "name": "START_PCSD",
          "value": "1"
        },
        {
          "name": "ATA_INSTANCE",
          "value": "SV2"
        }
      ],
      "mountPoints": [
        {
          "sourceVolume": "dockersock",
          "containerPath": "/var/run/docker.sock"
        },
        {
          "sourceVolume": "efs",
          "containerPath": "/efs"
        },
        {
          "sourceVolume": "shared",
          "containerPath": "/shared"
        }
      ],
      "linuxParameters": {
        "tmpfs": [
          {
            "containerPath": "/run",
            "size": 100
          }
        ]
      },
      "essential": false,
      "memoryReservation": 6000
    },
    {
      "logConfiguration": {
        "logDriver": "awslogs",
        "options": {
          "awslogs-group": "/ecs/svupbuild",
          "awslogs-region": "ap-southeast-2",
          "awslogs-stream-prefix": "ecs"
        }
      },
      "command": [
        "sleep","infinity"
      ],
      "image": "###APP###",
      "hostname": "svrollupg3",
      "name": "svrollupg3",
      "privileged": true,
      "systemControls": [
        {
          "namespace": "net.ipv4.ip_local_port_range",
          "value": "9000 47000"
        },
        {
          "namespace": "kernel.msgmnb",
          "value": "262144"
        },
        {
          "namespace": "kernel.msgmax",
          "value": "131072"
        },
        {
          "namespace": "net.ipv4.tcp_keepalive_time",
          "value": "60"
        },
        {
          "namespace": "net.ipv4.tcp_keepalive_probes",
          "value": "10"
        },
        {
          "namespace": "net.ipv4.tcp_keepalive_intvl",
          "value": "10"
        }
      ],
      "environment": [
        {
          "name": "DOCKER_HOST",
          "value": ""
        },
        {
          "name": "START_DB",
          "value": ""
        },
        {
          "name": "START_PCSD",
          "value": "1"
        },
	{
          "name": "ATA_INSTANCE",
          "value": "SV3"
        }
      ],
      "mountPoints": [
        {
          "sourceVolume": "dockersock",
          "containerPath": "/var/run/docker.sock"
        },
        {
          "sourceVolume": "efs",
          "containerPath": "/efs"
        },
        {
          "sourceVolume": "shared",
          "containerPath": "/shared"
        }
      ],
      "linuxParameters": {
        "tmpfs": [
          {
            "containerPath": "/run",
            "size": 100
          }
        ]
      },
      "essential": false,
      "memoryReservation": 6000
    },
    {
      "logConfiguration": {
        "logDriver": "awslogs",
        "options": {
          "awslogs-group": "/ecs/svupbuild",
          "awslogs-region": "ap-southeast-2",
          "awslogs-stream-prefix": "ecs"
        }
      },
      "command": [
        "sleep","infinity"
      ],
      "image": "###DB###",
      "hostname": "dbhost",
      "name": "dbhost",
      "privileged": true,
      "environment": [
        {
          "name": "START_DB",
          "value": "1"
        },
        {
          "name": "DOCKER_HOST",
          "value": ""
        }
      ],
      "systemControls": [
        {
          "namespace": "net.ipv4.ip_local_port_range",
          "value": "9000 47000"
        },
        {
          "namespace": "kernel.msgmnb",
          "value": "262144"
        },
        {
          "namespace": "kernel.msgmax",
          "value": "131072"
        }
      ],
      "mountPoints": [
        {
          "sourceVolume": "dockersock",
          "containerPath": "/var/run/docker.sock"
        },
        {
          "sourceVolume": "efs",
          "containerPath": "/efs"
        },
        {
          "sourceVolume": "shared",
          "containerPath": "/shared"
        }
      ],
      "essential": false,
      "memoryReservation": 5000
    }
  ],
  "cpu": "4 vCPU",
  "memory": "23000",
  "taskRoleArn": "arn:aws:iam::785148479268:role/jenkins-node",
  "family": "###FAMILY###",
  "requiresCompatibilities": [
    "EC2"
  ],
  "volumes": [
    {
      "host": {
        "sourcePath": "/efs"
      },
      "name": "efs"
    },
    {
      "host": {
        "sourcePath": "/var/run/docker.sock"
      },
      "name": "dockersock"
    },
    {
      "name": "shared",
      "dockerVolumeConfiguration": {
        "scope": "task"
      }
    }
  ]
}

