{
    "Defaults": {
        "hostname": "svrollupg1",
        "retries": 3,
        "maxtime": 300
    },
    "Build": [
        {
            "name": "svupbuild",
            "retries": 3,
            "maxtime": 140,
            "expectedDuration": 120
        }
    ],
    "Tests": [
        {
            "name": "minor_upgrade_for_first_from_version",
            "retries": 1,
            "maxtime": 160,
            "expectedDuration": 140 
        },
        {
            "name": "minor_upgrade_for_second_from_version",
            "retries": 1,
            "maxtime": 140,
            "expectedDuration": 120 
        },
        {
            "name": "emergency_upgrade_from_version",
            "retries": 1,
            "maxtime": 140,
            "expectedDuration": 120
        }
    ]
}
