{
    "Defaults":
    {
        "hostname": "baseimagebuild",
        "retries": 1,
        "maxtime": 30,
        "Env": [
            {
                "name": "TZ",
                "value": "Australia/Brisbane"
            }
        ]
    },
    "Build":
    [
        {
            "name": "cthost-11-ora19.3ee-ol7.6",
            "maxtime": 180,
            "expectedDuration": 120,
            "ExtraEnvVars":
            [
                {
                    "name": "BUILDDIR",
                    "value": "cthost"
                },
                {
                    "name": "DOCKERFILE",
                    "value": "Dockerfile-11-ora19.3ee-ol7.6"
                }
            ]
        },
        {
            "name": "cthost-12-ora19.7ee-ol8.6",
            "maxtime": 180,
            "expectedDuration": 120,
            "ExtraEnvVars":
            [
                {
                    "name": "BUILDDIR",
                    "value": "cthost"
                },
                {
                    "name": "DOCKERFILE",
                    "value": "Dockerfile-12-ora19.7ee-ol8.6"
                }
            ]
        },
        {
            "name": "cthost-12-pg14-ol8.6",
            "maxtime": 180,
            "expectedDuration": 120,
            "ExtraEnvVars":
            [
                {
                    "name": "BUILDDIR",
                    "value": "cthost"
                },
                {
                    "name": "DOCKERFILE",
                    "value": "Dockerfile-12-pg14-ol8.6"
                }
            ]
        }
    ]
}

