{
    "Defaults":
    {
        "hostname": "baseimagebuild",
        "retries": 1,
        "maxtime": 30,
        "Env": [
            {
                "name": "USER",
                "value": "sv_app"
            },
            {
                "name": "TZ",
                "value": "Australia/Brisbane"
            }
        ]
    },
    "Build":
    [
        {
            "name": "os-ol6.9",
            "maxtime": 90,
            "expectedDuration": 10,
            "ExtraEnvVars":
            [
                {
                    "name": "BUILDDIR",
                    "value": "oraclelinux6.9"
                },
                {
                    "name": "DOCKERFILE",
                    "value": "Dockerfile"
                },
                {
                    "name": "IMAGEREPOTAG",
                    "value": "csg/os/oraclelinux:latest-6.9,csg/os/oraclelinux:###PRIMARY_BUILD_ID###-6.9"
                }
            ]
        },
        {
            "name": "os-ol7.6",
            "maxtime": 90,
            "expectedDuration": 10,
            "ExtraEnvVars":
            [
                {
                    "name": "BUILDDIR",
                    "value": "oraclelinux7.6"
                },
                {
                    "name": "DOCKERFILE",
                    "value": "Dockerfile"
                },
                {
                    "name": "IMAGEREPOTAG",
                    "value": "csg/os/oraclelinux:latest-7.6,csg/os/oraclelinux:###PRIMARY_BUILD_ID###-7.6"
                }
            ]
        },
        {
            "name": "os-ol8.6",
            "maxtime": 90,
            "expectedDuration": 10,
            "ExtraEnvVars":
            [
                {
                    "name": "BUILDDIR",
                    "value": "oraclelinux8.6"
                },
                {
                    "name": "DOCKERFILE",
                    "value": "Dockerfile"
                },
                {
                    "name": "IMAGEREPOTAG",
                    "value": "csg/os/oraclelinux:latest-8.6,csg/os/oraclelinux:###PRIMARY_BUILD_ID###-8.6"
                }
            ]
        },
        {
            "name": "os-rhel8.2",
            "maxtime": 90,
            "expectedDuration": 10,
            "ExtraEnvVars":
            [
                {
                    "name": "BUILDDIR",
                    "value": "rhel8.2"
                },
                {
                    "name": "DOCKERFILE",
                    "value": "Dockerfile"
                },
                {
                    "name": "IMAGEREPOTAG",
                    "value": "csg/os/rhel:latest-8.2,csg/os/rhel:###PRIMARY_BUILD_ID###-8.2"
                },
                {
                    "name": "USE_BRILXVM73",
                    "value": "1"
                }
            ]
        },
        {
            "name": "os-rhel8.6",
            "maxtime": 90,
            "expectedDuration": 10,
            "ExtraEnvVars":
            [
                {
                    "name": "BUILDDIR",
                    "value": "rhel8.6"
                },
                {
                    "name": "DOCKERFILE",
                    "value": "Dockerfile"
                },
                {
                    "name": "IMAGEREPOTAG",
                    "value": "csg/os/rhel:latest-8.6,csg/os/rhel:###PRIMARY_BUILD_ID###-8.6"
                },
                {
                    "name": "USE_BRILXVM73",
                    "value": "1"
                }
            ]
        },
        {
            "name": "os-alma8.6",
            "maxtime": 90,
            "expectedDuration": 10,
            "ExtraEnvVars":
            [
                {
                    "name": "BUILDDIR",
                    "value": "alma8.6"
                },
                {
                    "name": "DOCKERFILE",
                    "value": "Dockerfile"
                },
                {
                    "name": "IMAGEREPOTAG",
                    "value": "csg/os/almalinux:latest-8.6,csg/os/almalinux:###PRIMARY_BUILD_ID###-8.6"
                }
            ]
        },
        {
            "name": "os-rhel7.6",
            "maxtime": 90,
            "expectedDuration": 10,
            "ExtraEnvVars":
            [
                {
                    "name": "BUILDDIR",
                    "value": "rhel7.6"
                },
                {
                    "name": "DOCKERFILE",
                    "value": "Dockerfile"
                },
                {
                    "name": "IMAGEREPOTAG",
                    "value": "csg/os/rhel:latest-7.6,csg/os/rhel:###PRIMARY_BUILD_ID###-7.6"
                },
                {
                    "name": "USE_BRILXVM73",
                    "value": "1"
                }
            ]
        },
        {
            "name": "db-ora12.1ee-ol6.9",
            "maxtime": 180,
            "expectedDuration": 120,
            "ExtraEnvVars":
            [
                {
                    "name": "BUILDDIR",
                    "value": "oracle-database-12-1"
                },
                {
                    "name": "DOCKERFILE",
                    "value": "Dockerfile-ol6.9"
                },
                {
                    "name": "IMAGEREPOTAG",
                    "value": "csg/sv/oracle-database:latest-12.1ee-ol6.9,csg/sv/oracle-database:###PRIMARY_BUILD_ID###-12.1ee-ol6.9"
                }
            ]
        },
        {
            "name": "db-ora12.2ee-ol7.6-svwdev1b",
            "maxtime": 180,
            "expectedDuration": 120,
            "ExtraEnvVars":
            [
                {
                    "name": "BUILDDIR",
                    "value": "oracle-database-12-2"
                },
                {
                    "name": "DOCKERFILE",
                    "value": "Dockerfile-ol7.6-svwdev1b"
                },
                {
                    "name": "IMAGEREPOTAG",
                    "value": "csg/sv/oracle-database:latest-12.2ee-ol7.6-svwdev1b,csg/sv/oracle-database:###PRIMARY_BUILD_ID###-12.2ee-ol7.6-svwdev1b"
                },
                {
                    "name": "SECOND_TARGET",
                    "value": "no_dbf_files"
                },
                {
                    "name": "SECOND_IMAGEREPOTAG",
                    "value": "csg/sv/oracle-database:latest-12.2ee-ol7.6-svwdev1b-nodbf,csg/sv/oracle-database:###PRIMARY_BUILD_ID###-12.2ee-ol7.6-svwdev1b-nodbf"
                }
            ]
        },
        {
            "name": "db-ora19.3ee-ol7.6",
            "maxtime": 180,
            "expectedDuration": 120,
            "ExtraEnvVars":
            [
                {
                    "name": "BUILDDIR",
                    "value": "oracle-database-19-3"
                },
                {
                    "name": "DOCKERFILE",
                    "value": "Dockerfile-ee-ol7.6"
                },
                {
                    "name": "IMAGEREPOTAG",
                    "value": "csg/sv/oracle-database:latest-19.3ee-ol7.6,csg/sv/oracle-database:###PRIMARY_BUILD_ID###-19.3ee-ol7.6"
                }
            ]
        },
        {
            "name": "db-ora12.1ee-rhel7.6",
            "maxtime": 180,
            "expectedDuration": 120,
            "ExtraEnvVars":
            [
                {
                    "name": "BUILDDIR",
                    "value": "oracle-database-12-1"
                },
                {
                    "name": "DOCKERFILE",
                    "value": "Dockerfile-rhel7.6"
                },
                {
                    "name": "IMAGEREPOTAG",
                    "value": "csg/sv/oracle-database:latest-12.1ee-rhel7.6,csg/sv/oracle-database:###PRIMARY_BUILD_ID###-12.1ee-rhel7.6"
                }
            ]
        },
        {
            "name": "db-ora12.1se-rhel7.6",
            "maxtime": 180,
            "expectedDuration": 120,
            "ExtraEnvVars":
            [
                {
                    "name": "BUILDDIR",
                    "value": "oracle-database-12-1-SE"
                },
                {
                    "name": "DOCKERFILE",
                    "value": "Dockerfile-rhel7.6"
                },
                {
                    "name": "IMAGEREPOTAG",
                    "value": "csg/sv/oracle-database:latest-12.1se-rhel7.6,csg/sv/oracle-database:###PRIMARY_BUILD_ID###-12.1se-rhel7.6"
                }
            ]
        },
        {
            "name": "db-ora19.3ee-rhel7.6",
            "maxtime": 180,
            "expectedDuration": 120,
            "ExtraEnvVars":
            [
                {
                    "name": "BUILDDIR",
                    "value": "oracle-database-19-3"
                },
                {
                    "name": "DOCKERFILE",
                    "value": "Dockerfile-ee-rhel7.6"
                },
                {
                    "name": "IMAGEREPOTAG",
                    "value": "csg/sv/oracle-database:latest-19.3ee-rhel7.6,csg/sv/oracle-database:###PRIMARY_BUILD_ID###-19.3ee-rhel7.6"
                }
            ]
        },
        {
            "name": "db-pg14-rhel8.6",
            "maxtime": 45,
            "expectedDuration": 10,
            "ExtraEnvVars":
            [
                {
                    "name": "BUILDDIR",
                    "value": "postgres-database-14"
                },
                {
                    "name": "DOCKERFILE",
                    "value": "Dockerfile-rhel8.6"
                },
                {
                    "name": "IMAGEREPOTAG",
                    "value": "csg/sv/postgres-database:latest-14-rhel8.6,csg/sv/postgres-database:###PRIMARY_BUILD_ID###-14-rhel8.6"
                }
            ]
        },
        {
            "name": "db-pg14-ol8.6",
            "maxtime": 45,
            "expectedDuration": 10,
            "ExtraEnvVars":
            [
                {
                    "name": "BUILDDIR",
                    "value": "postgres-database-14"
                },
                {
                    "name": "DOCKERFILE",
                    "value": "Dockerfile-ol8"
                },
                {
                    "name": "IMAGEREPOTAG",
                    "value": "csg/sv/postgres-database:latest-14-ol8.6,csg/sv/postgres-database:###PRIMARY_BUILD_ID###-14-ol8.6"
                }
            ]
        },
        {
            "name": "db-ora19.3se-rhel7.6",
            "maxtime": 180,
            "expectedDuration": 120,
            "ExtraEnvVars":
            [
                {
                    "name": "BUILDDIR",
                    "value": "oracle-database-19-3"
                },
                {
                    "name": "DOCKERFILE",
                    "value": "Dockerfile-se-rhel7.6"
                },
                {
                    "name": "IMAGEREPOTAG",
                    "value": "csg/sv/oracle-database:latest-19.3se-rhel7.6,csg/sv/oracle-database:###PRIMARY_BUILD_ID###-19.3se-rhel7.6"
                }
            ]
        },
        {
            "name": "db-ora19.7ee-ol8.6",
            "maxtime": 180,
            "expectedDuration": 120,
            "ExtraEnvVars":
            [
                {
                    "name": "BUILDDIR",
                    "value": "oracle-database-19-7"
                },
                {
                    "name": "DOCKERFILE",
                    "value": "Dockerfile-ee-ol8.6"
                },
                {
                    "name": "IMAGEREPOTAG",
                    "value": "csg/sv/oracle-database:latest-19.7ee-ol8.6,csg/sv/oracle-database:###PRIMARY_BUILD_ID###-19.7ee-ol8.6"
                }
            ]
        },
        {
            "name": "db-ora19.7ee-rhel8.2",
            "maxtime": 180,
            "expectedDuration": 120,
            "ExtraEnvVars":
            [
                {
                    "name": "BUILDDIR",
                    "value": "oracle-database-19-7"
                },
                {
                    "name": "DOCKERFILE",
                    "value": "Dockerfile-ee-rhel8.2"
                },
                {
                    "name": "IMAGEREPOTAG",
                    "value": "csg/sv/oracle-database:latest-19.7ee-rhel8.2,csg/sv/oracle-database:###PRIMARY_BUILD_ID###-19.7ee-rhel8.2"
                }
            ]
        },
        {
            "name": "db-ora19.7ee-rhel8.6",
            "maxtime": 180,
            "expectedDuration": 120,
            "ExtraEnvVars":
            [
                {
                    "name": "BUILDDIR",
                    "value": "oracle-database-19-7"
                },
                {
                    "name": "DOCKERFILE",
                    "value": "Dockerfile-ee-rhel8.6"
                },
                {
                    "name": "IMAGEREPOTAG",
                    "value": "csg/sv/oracle-database:latest-19.7ee-rhel8.6,csg/sv/oracle-database:###PRIMARY_BUILD_ID###-19.7ee-rhel8.6"
                }
            ]
        },
        {
            "name": "db-ora19.7se-rhel8.6",
            "maxtime": 180,
            "expectedDuration": 120,
            "ExtraEnvVars":
            [
                {
                    "name": "BUILDDIR",
                    "value": "oracle-database-19-7"
                },
                {
                    "name": "DOCKERFILE",
                    "value": "Dockerfile-se-rhel8.6"
                },
                {
                    "name": "IMAGEREPOTAG",
                    "value": "csg/sv/oracle-database:latest-19.7se-rhel8.6,csg/sv/oracle-database:###PRIMARY_BUILD_ID###-19.7se-rhel8.6"
                }
            ]
        },
        {
            "name": "db-ora19.7ee-alma8.6",
            "maxtime": 180,
            "expectedDuration": 120,
            "ExtraEnvVars":
            [
                {
                    "name": "BUILDDIR",
                    "value": "oracle-database-19-7"
                },
                {
                    "name": "DOCKERFILE",
                    "value": "Dockerfile-ee-alma8.6"
                },
                {
                    "name": "IMAGEREPOTAG",
                    "value": "csg/sv/oracle-database:latest-19.7ee-alma8.6,csg/sv/oracle-database:###PRIMARY_BUILD_ID###-19.7ee-alma8.6"
                }
            ]
        },
        {
            "name": "cthost-9-ora12.1ee-ol6.9",
            "maxtime": 180,
            "expectedDuration": 120,
            "ExtraEnvVars":
            [
                {
                    "name": "BUILDDIR",
                    "value": "cthost"
                },
                {
                    "name": "DOCKERFILE",
                    "value": "Dockerfile-9-ora12.1ee-ol6.9"
                },
                {
                    "name": "IMAGEREPOTAG",
                    "value": "csg/sv/cthost:latest-9-ora12.1ee-ol6.9,csg/sv/cthost:###PRIMARY_BUILD_ID###-9-ora12.1ee-ol6.9"
                }
            ]
        },
        {
            "name": "cthost-10-ora12.1ee-ol6.9",
            "maxtime": 180,
            "expectedDuration": 120,
            "ExtraEnvVars":
            [
                {
                    "name": "BUILDDIR",
                    "value": "cthost"
                },
                {
                    "name": "DOCKERFILE",
                    "value": "Dockerfile-10-ora12.1ee-ol6.9"
                },
                {
                    "name": "IMAGEREPOTAG",
                    "value": "csg/sv/cthost:latest-10-ora12.1ee-ol6.9,csg/sv/cthost:###PRIMARY_BUILD_ID###-10-ora12.1ee-ol6.9"
                }
            ]
        },
        {
            "name": "cthost-10-ora12.1ee-rhel7.6",
            "maxtime": 180,
            "expectedDuration": 120,
            "ExtraEnvVars":
            [
                {
                    "name": "BUILDDIR",
                    "value": "cthost"
                },
                {
                    "name": "DOCKERFILE",
                    "value": "Dockerfile-10-ora12.1ee-rhel7.6"
                },
                {
                    "name": "IMAGEREPOTAG",
                    "value": "csg/sv/cthost:latest-10-ora12.1ee-rhel7.6,csg/sv/cthost:###PRIMARY_BUILD_ID###-10-ora12.1ee-rhel7.6"
                }
            ]
        },
        {
            "name": "cthost-10-ora12.1se-rhel7.6",
            "maxtime": 180,
            "expectedDuration": 120,
            "ExtraEnvVars":
            [
                {
                    "name": "BUILDDIR",
                    "value": "cthost"
                },
                {
                    "name": "DOCKERFILE",
                    "value": "Dockerfile-10-ora12.1se-rhel7.6"
                },
                {
                    "name": "IMAGEREPOTAG",
                    "value": "csg/sv/cthost:latest-10-ora12.1se-rhel7.6,csg/sv/cthost:###PRIMARY_BUILD_ID###-10-ora12.1se-rhel7.6"
                }
            ]
        },
        {
            "name": "cthost-10-ora19.3ee-rhel7.6",
            "maxtime": 180,
            "expectedDuration": 120,
            "ExtraEnvVars":
            [
                {
                    "name": "BUILDDIR",
                    "value": "cthost"
                },
                {
                    "name": "DOCKERFILE",
                    "value": "Dockerfile-10-ora19.3ee-rhel7.6"
                },
                {
                    "name": "IMAGEREPOTAG",
                    "value": "csg/sv/cthost:latest-10-ora19.3ee-rhel7.6,csg/sv/cthost:###PRIMARY_BUILD_ID###-10-ora19.3ee-rhel7.6"
                }
            ]
        },
        {
            "name": "cthost-11-ora19.3ee-rhel7.6",
            "maxtime": 180,
            "expectedDuration": 120,
            "ExtraEnvVars":
            [
                {
                    "name": "BUILDDIR",
                    "value": "cthost"
                },
                {
                    "name": "DOCKERFILE",
                    "value": "Dockerfile-11-ora19.3ee-rhel7.6"
                },
                {
                    "name": "IMAGEREPOTAG",
                    "value": "csg/sv/cthost:latest-11-ora19.3ee-rhel7.6,csg/sv/cthost:latest-11-sv_app-ora19.3ee-rhel7.6,csg/sv/cthost:###PRIMARY_BUILD_ID###-11-ora19.3ee-rhel7.6"
                }
            ]
        },
        {
            "name": "cthost-11.devel-ora19.3ee-rhel7.6",
            "maxtime": 180,
            "expectedDuration": 120,
            "ExtraEnvVars":
            [
                {
                    "name": "BUILDDIR",
                    "value": "cthost"
                },
                {
                    "name": "DOCKERFILE",
                    "value": "Dockerfile-11.devel-ora19.3ee-rhel7.6"
                },
                {
                    "name": "IMAGEREPOTAG",
                    "value": "csg/sv/cthost:latest-11-ora19.3ee-rhel7.6,csg/sv/cthost:latest-11-svapp-ora19.3ee-rhel7.6,csg/sv/cthost:###PRIMARY_BUILD_ID###-11-ora19.3ee-rhel7.6"
                }
            ]
        },
        {
            "name": "cthost-11-ora19.3se-rhel7.6",
            "maxtime": 180,
            "expectedDuration": 120,
            "ExtraEnvVars":
            [
                {
                    "name": "BUILDDIR",
                    "value": "cthost"
                },
                {
                    "name": "DOCKERFILE",
                    "value": "Dockerfile-11-ora19.3se-rhel7.6"
                },
                {
                    "name": "IMAGEREPOTAG",
                    "value": "csg/sv/cthost:latest-11-ora19.3se-rhel7.6,csg/sv/cthost:latest-11-sv_app-ora19.3se-rhel7.6,csg/sv/cthost:###PRIMARY_BUILD_ID###-11-ora19.3se-rhel7.6"
                }
            ]
        },
        {
            "name": "cthost-11.devel-ora19.3se-rhel7.6",
            "maxtime": 180,
            "expectedDuration": 120,
            "ExtraEnvVars":
            [
                {
                    "name": "BUILDDIR",
                    "value": "cthost"
                },
                {
                    "name": "DOCKERFILE",
                    "value": "Dockerfile-11.devel-ora19.3se-rhel7.6"
                },
                {
                    "name": "IMAGEREPOTAG",
                    "value": "csg/sv/cthost:latest-11-ora19.3se-rhel7.6,csg/sv/cthost:latest-11-svapp-ora19.3se-rhel7.6,csg/sv/cthost:###PRIMARY_BUILD_ID###-11-ora19.3se-rhel7.6"
                }
            ]
        },
        {
            "name": "cthost-11-ora19.7ee-rhel8.2",
            "maxtime": 180,
            "expectedDuration": 120,
            "ExtraEnvVars":
            [
                {
                    "name": "BUILDDIR",
                    "value": "cthost"
                },
                {
                    "name": "DOCKERFILE",
                    "value": "Dockerfile-11-ora19.7ee-rhel8.2"
                },
                {
                    "name": "IMAGEREPOTAG",
                    "value": "csg/sv/cthost:latest-11-ora19.7ee-rhel8.2,csg/sv/cthost:latest-11-sv_app-ora19.7ee-rhel8.2,csg/sv/cthost:###PRIMARY_BUILD_ID###-11-ora19.7ee-rhel8.2"
                }
            ]
        },
        {
            "name": "cthost-11.devel-ora19.7ee-rhel8.2",
            "maxtime": 180,
            "expectedDuration": 120,
            "ExtraEnvVars":
            [
                {
                    "name": "BUILDDIR",
                    "value": "cthost"
                },
                {
                    "name": "DOCKERFILE",
                    "value": "Dockerfile-11.devel-ora19.7ee-rhel8.2"
                },
                {
                    "name": "IMAGEREPOTAG",
                    "value": "csg/sv/cthost:latest-11-ora19.7ee-rhel8.2,csg/sv/cthost:latest-11-svapp-ora19.7ee-rhel8.2,csg/sv/cthost:###PRIMARY_BUILD_ID###-11-ora19.7ee-rhel8.2"
                }
            ]
        },
        {
            "name": "cthost-12-ora19.7ee-rhel8.6",
            "maxtime": 180,
            "expectedDuration": 120,
            "ExtraEnvVars":
            [
                {
                    "name": "BUILDDIR",
                    "value": "cthost"
                },
                {
                    "name": "DOCKERFILE",
                    "value": "Dockerfile-12-ora19.7ee-rhel8.6"
                },
                {
                    "name": "IMAGEREPOTAG",
                    "value": "csg/sv/cthost:latest-12-ora19.7ee-rhel8.6,csg/sv/cthost:###PRIMARY_BUILD_ID###-12-ora19.7ee-rhel8.6"
                }
            ]
        },
        {
            "name": "cthost-12-ora19.7se-rhel8.6",
            "maxtime": 180,
            "expectedDuration": 120,
            "ExtraEnvVars":
            [
                {
                    "name": "BUILDDIR",
                    "value": "cthost"
                },
                {
                    "name": "DOCKERFILE",
                    "value": "Dockerfile-12-ora19.7se-rhel8.6"
                },
                {
                    "name": "IMAGEREPOTAG",
                    "value": "csg/sv/cthost:latest-12-ora19.7se-rhel8.6,csg/sv/cthost:###PRIMARY_BUILD_ID###-12-ora19.7se-rhel8.6"
                }
            ]
        },
        {
            "name": "cthost-12-ora19.7ee-alma8.6",
            "maxtime": 180,
            "expectedDuration": 120,
            "ExtraEnvVars":
            [
                {
                    "name": "BUILDDIR",
                    "value": "cthost"
                },
                {
                    "name": "DOCKERFILE",
                    "value": "Dockerfile-12-ora19.7ee-alma8.6"
                },
                {
                    "name": "IMAGEREPOTAG",
                    "value": "csg/sv/cthost:latest-12-ora19.7ee-alma8.6,csg/sv/cthost:###PRIMARY_BUILD_ID###-12-ora19.7ee-alma8.6"
                }
            ]
        },
        {
            "name": "cthost-12-pg14-rhel8.6",
            "maxtime": 180,
            "expectedDuration": 120,
            "ExtraEnvVars":
            [
                {
                    "name": "BUILDDIR",
                    "value": "cthost"
                },
                {
                    "name": "DOCKERFILE",
                    "value": "Dockerfile-12-pg14-rhel8.6"
                },
                {
                    "name": "IMAGEREPOTAG",
                    "value": "csg/sv/cthost:latest-12-pg14-rhel8.6,csg/sv/cthost,csg/sv/cthost:###PRIMARY_BUILD_ID###-12-pg14-rhel8.6"
                }
            ]
        },
        {
            "name": "k8shost-12",
            "maxtime": 60,
            "expectedDuration": 15,
            "ExtraEnvVars":
            [
                {
                    "name": "BUILDDIR",
                    "value": "k8shost"
                },
                {
                    "name": "DOCKERFILE",
                    "value": "Dockerfile-12"
                },
                {
                    "name": "IMAGEREPOTAG",
                    "value": "csg/k8s/k8shost:12"
                }
            ]
        },
        {
            "name": "custom-cert-12-ora19.7ee-rhel8.6",
            "maxtime": 180,
            "expectedDuration": 120,
            "ExtraEnvVars":
            [
                {
                    "name": "BUILDDIR",
                    "value": "cthost-thirdparty-cert"
                },
                {
                    "name": "DOCKERFILE",
                    "value": "Dockerfile-12-ora19.7ee-rhel8.6-cert"
                },
                {
                    "name": "IMAGEREPOTAG",
                    "value": "csg/sv/cthost:latest-12-ora19.7ee-rhel8.6-cert,csg/sv/cthost:###PRIMARY_BUILD_ID###-12-ora19.7ee-rhel8.6-cert"
                }
            ]
        },
        {
            "name": "custom-cert-11-ora19.3ee-rhel7.6",
            "maxtime": 180,
            "expectedDuration": 120,
            "ExtraEnvVars":
            [
                {
                    "name": "BUILDDIR",
                    "value": "cthost-thirdparty-cert"
                },
                {
                    "name": "DOCKERFILE",
                    "value": "Dockerfile-11-ora19.3ee-rhel7.6-cert"
                },
                {
                    "name": "IMAGEREPOTAG",
                    "value": "csg/sv/cthost:latest-11-ora19.3ee-rhel7.6-cert,csg/sv/cthost:###PRIMARY_BUILD_ID###-11-ora19.3ee-rhel7.6-cert"
                }
            ]
        },
        {
            "name": "custom-cert-10-ora12.1ee-rhel7.6",
            "maxtime": 180,
            "expectedDuration": 120,
            "ExtraEnvVars":
            [
                {
                    "name": "BUILDDIR",
                    "value": "cthost-thirdparty-cert"
                },
                {
                    "name": "DOCKERFILE",
                    "value": "Dockerfile-10-ora12.1ee-rhel7.6-cert"
                },
                {
                    "name": "IMAGEREPOTAG",
                    "value": "csg/sv/cthost:latest-10-ora12.1ee-rhel7.6-cert,csg/sv/cthost:###PRIMARY_BUILD_ID###-10-ora12.1ee-rhel7.6-cert"
                }
            ]
        },
        {
            "name": "jenkins-agent-aws",
            "maxtime": 30,
            "expectedDuration": 15,
            "ExtraEnvVars":
            [
                {
                    "name": "BUILDDIR",
                    "value": "jenkins-agent-aws"
                },
                {
                    "name": "DOCKERFILE",
                    "value": "Dockerfile.awscliv2"
                },
                {
                    "name": "IMAGEREPOTAG",
                    "value": "csg/ct/jenkins/jenkins-agent-aws:latest,csg/ct/jenkins/jenkins-agent-aws:awscliv2"
                }
            ]
        },
        {
            "name": "antora-aws",
            "maxtime": 30,
            "expectedDuration": 10,
            "ExtraEnvVars":
            [
                {
                    "name": "BUILDDIR",
                    "value": "antora"
                },
                {
                    "name": "DOCKERFILE",
                    "value": "Dockerfile-aws"
                },
                {
                    "name": "IMAGEREPOTAG",
                    "value": "antora:latest-aws,antora:###PRIMARY_BUILD_ID###-aws"
                }
            ]
        }
    ]
}

